Feature_1,Feature_2,Feature_3,Feature_4,Feature_5,Feature_6,Label
13876.4,140984,-5240,33,315,5844,0
9958.06,27101.6,-3330.73,27,174,1415,0
8716.96,10783.7,-3113.44,34,156,654,0
15707.2,116106,-5050,54,271,4426,0
5189.89,1928,-1113,14,68,149,1
15522.3,115720,-5350,47,271,4426,0
7971.42,12121,-2564,27,110,765,1
14985.5,140936,-4070,49,315,5844,0
7471.31,13998.9,-2089.16,62,120,809,0
4014.91,2176.7,-1127.7,20,54,165,0
7297.55,14181,-3814,8,131,804,1
15531.3,131051,-6548,59,353,5426,1
6224.74,7286.13,-1591.47,50,93,545,0
8794.65,29344,-3825,90,162,1576,1
7928,9487.37,-1230,28,102,516,1
12300.5,63094,-4707,67,269,2988,1
9741.53,36221.1,-3770,41,196,1997,0
7904.45,20182.6,-3025.14,67,145,1156,1
8712.23,28876.3,-3332.86,37,179,1626,1
8401.29,26143.6,-3130,25,156,1364,0
4558.11,3980.58,-1379.14,10,72,340,0
13006.2,154790,-6283,129,280,6508,1
9454.18,26830.4,-3438.43,42,174,1415,0
7092.56,9274.33,-3125.21,17,138,554,0
11738.8,55357,-7532,163,231,2327,1
20911.5,163006,-8730,93,449,5537,0
8580.52,14183,-2421,28,118,845,1
6297.16,5591,-2998,22,103,399,1
8550.48,34661,-4331,102,171,1988,1
4895.97,1879.96,-772.635,30,51,102,0
16582.5,161885,-9175,74,384,6403,1
17573.4,268551,-10935,63,481,9959,0
18898.4,152912,-9480,80,449,5537,0
19252.1,454805,-12489,321,431,15329,1
15816.9,121650,-6226,89,334,4818,0
11964.3,54731,-7620,50,278,2607,1
5411.43,3049.48,-1192.25,51,67,224,0
13798.6,140416,-6364.12,186,308,6057,0
15964.9,138898,-9950,86,449,5537,0
7418.72,9309.47,-3061.09,23,138,554,0
13289.8,40534.9,-2130,40,234,1581,0
22160.1,245987,-10400,83,537,8350,0
20378.7,277026,-8123,87,420,7714,1
6646.24,10459.1,-2940,16,109,689,0
15343.8,63836.7,-5210,37,215,2188,0
4168.47,2247.95,-1061.12,20,54,165,0
9877.07,31100.9,-3196.81,117,171,1747,1
9459.59,26308,-3365.97,42,174,1415,0
8169.71,9517.64,-2993.24,86,130,490,0
9955.22,17503.5,-3883.67,69,172,973,0
9813.98,10188.8,-2650,35,154,587,0
8664.27,10403.1,-2793.51,82,139,587,1
18749.2,145798,-6000,74,449,5537,0
16543.6,230510,-12818,83,364,8856,1
8667.93,13927.1,-2835.55,24,148,729,0
7374.56,14058,-3342,91,125,769,1
18748,161504,-9590,87,388,6290,0
8690.79,12106,-2660.48,89,136,619,0
14394.6,140075,-5870,41,315,5844,0
6091.91,8753,-3267,19,110,582,1
5960.64,4900.31,5650,19,85,343,1
5805.36,11283.7,-1908.66,17,102,764,0
6817.23,5234.12,-2160.64,60,107,346,0
7352.39,15320,-3916,32,149,934,1
4665.23,4958,-1804,9,74,369,1
10094.3,36871,-4260,40,196,1997,0
4004.33,2168.84,-1091.01,20,54,165,0
16655.6,157508,-9783,66,393,6185,1
8870.42,17114.1,-4342.75,36,183,931,1
5814.95,7521.89,-1830.41,75,104,457,0
17237.6,283372,-12391,84,450,10381,1
10425.1,22165,-2010,36,182,1212,1
11249,86460.1,-2750,32,220,3450,0
12110.9,73626.2,-3970,28,249,3630,0
10560.2,56255,-5704,18,218,2823,1
7263.68,5395.25,-1720,16,79,292,0
14018.7,140903,-3840,53,315,5844,0
7459.32,9274.98,-3105.44,25,138,554,0
12830.5,80169.9,-4590,42,272,3539,0
20795.4,248000,-10693,344,503,8097,1
12942.1,60079.5,-4710,24,247,2754,0
14556.7,100694,-1960,44,220,3450,0
10382.1,71498.5,-4160,29,249,3630,0
21526.4,406713,-6670,64,473,14125,0
11202.1,35439,-5864,41,270,1643,1
7943.07,11931,-2090,31,131,805,1
4788.52,3221.14,-1214.88,28,71,249,0
6698.31,26212,-2107,38,136,1463,0
7422.99,9606.19,-2493.37,16,123,621,0
17099.2,145465,-7257.69,194,362,5847,0
9997.54,31856.3,-3412.56,85,176,1922,0
10807.7,85930.7,-2250,34,220,3450,0
8475.38,12426,-2633.31,75,136,619,0
12804.7,60269,-5200,31,247,2754,0
9032.14,20775.5,-3567.06,92,163,1162,0
19107.8,141148,-8390,82,449,5537,0
9770.75,26850,-4780,22,233,1373,1
10054.1,49995.6,-5540,29,216,2677,0
3578.72,1435.1,-1039.37,38,52,133,0
8746.41,17623.1,-2780.87,76,142,844,0
6730.52,5084.08,-2207.19,52,107,346,0
9864.73,43563.3,-3026.12,99,159,2181,1
4590.72,2414.36,-917.289,28,54,165,0
10397.1,98809,-4553,33,246,4617,1
2572.55,50.5167,-624,8,33,5,1
13338.6,75467.9,-4190,43,264,3217,1
10978.4,39827.6,-3924.89,32,193,2118,0
19417.2,160910,-8350,89,388,6290,0
24025.5,274009,-12609,53,544,9011,1
5724.02,7567.61,-1872.21,77,104,457,0
5793.87,7660.14,-1863.96,75,104,457,0
8885.39,28819.3,-3451.39,22,179,1626,1
9748.57,27700.3,-2797.86,85,158,1403,0
7947.95,11615.2,-2629.05,84,128,693,0
9465.86,30363.3,-3197.55,125,171,1747,1
13107.1,46598.5,-5727.12,59,273,2061,0
7567.98,15375.9,-2663.01,67,134,970,1
8567.61,9985.2,-3520,35,154,587,0
10369.1,28559.3,-2553.57,12,133,1027,1
22507.1,467390,-13400,41,483,15505,0
18622.8,205471,-8641,176,380,7457,1
9943.22,26310.2,-3344.63,39,174,1415,0
24588.1,205667,-15102,107,498,6418,1
27777.9,752786,-13265,101,576,18650,0
5189.83,4370.62,-1490,20,85,343,1
15168.7,126647,-5984,48,314,4913,1
12317.1,70136.3,-5516.14,53,262,3211,1
9519.81,36375.9,-3660,42,196,1997,0
4071.64,2203.91,-1001.46,19,54,165,0
9644.95,29051.4,-1910,28,156,1364,0
14769.1,80786.9,-158,68,223,2059,0
4170.66,2242.18,-1101.59,19,54,165,0
12565.3,58223.6,-2690,62,223,2822,0
8519.39,15694,-2947.29,102,138,934,0
9260.57,29886.5,-3293.33,120,171,1747,1
24511,474472,-10700,45,483,15505,0
13322.8,93944.3,-4950,72,254,3885,0
9125.39,24000.5,-2590,19,166,1111,0
2489.15,53.7777,-349,8,33,5,0
2557.24,51.905,-293,96,33,5,0
6805.59,5201.6,-2114.95,55,107,346,1
7708.3,9402.02,-3065.96,100,130,490,0
14539.1,141501,-5480,44,315,5844,0
9226.45,12949.4,-2772.16,90,136,619,0
12420.8,57137,-5170,41,263,2396,1
9300.12,30532.8,-3423.94,129,171,1747,1
7246.74,14479,-2637.32,64,134,970,0
2421.68,53.818,-531,6,33,5,1
14522.4,110170,-6240,31,322,4619,0
3768.76,1172.52,-831.422,30,51,102,0
10951.3,67957.2,-5376.51,142,247,3373,1
12105.7,53660.6,-4284.4,99,209,2534,0
12494.5,90004,-5348,46,206,2824,1
9320.09,17392.5,-4163.45,32,183,931,1
7238.42,13963.9,-2320.11,89,120,809,0
9990.33,28473.8,-2759,97,158,1403,0
11960.4,60062.4,-6110,36,247,2754,0
9644.63,25580.3,-2198.32,19,174,1415,0
13819.6,61856.8,-4590,29,247,2754,0
6618.12,12585.4,-1664.56,39,105,765,0
11368.6,49334.2,-5850,25,215,2188,0
7096.49,4137.19,-2389.9,69,101,249,0
9880.12,18701,-4093,81,137,849,1
6474.53,8242.18,-1640,32,102,516,0
13510.5,52118.9,-5964.05,62,288,2334,1
12381,52737.5,-3420,42,224,2192,0
18571.2,160977,-9840,91,388,6290,0
11563.2,18955,-3677,8,183,895,1
7341.04,13859.7,-2365.63,87,120,809,0
9644.35,52308.3,-2860,29,188,2599,0
6048.71,11240,-1890.35,25,102,764,0
7546.32,6816.97,-1130,16,119,395,0
4668.27,2971.25,-1389.93,35,77,205,1
5033.75,4258.03,-1690,11,79,317,0
11666,53288,-2668,88,169,1687,1
17292.3,219612,-16166,182,459,8347,1
7180.39,6250,-3088,29,121,404,1
11845.9,56421.4,-2860,65,223,2822,0
11578.4,36065,-4388,33,208,1521,0
16177.9,134898,-9589,72,416,5126,1
2600.65,55.4455,-345,6,33,5,1
19043.6,274472,-9066,76,391,8730,1
14492.5,157976,-5479,52,332,6280,1
19548.5,161497,-8910,88,388,6290,0
7191.13,7212,-3103,23,114,460,1
11169.1,52682.4,-3720,53,224,2192,0
7028.2,8862,-1397,27,135,584,1
5795.01,11079.8,-1913.69,20,102,764,0
15189.3,116551,-6820,60,258,3382,1
6382.58,11489.8,-1789.32,20,102,764,0
10523,46738,-5420,41,220,2391,0
10489.5,26710.7,-1306.69,0,158,1403,0
5657.34,4200.2,-1532.97,126,88,318,0
5596.69,10420,-2176,149,99,759,1
8476.73,26884.6,-2710,36,166,1414,0
11991,50356.3,-3150,32,234,2464,0
5130.03,2707,-2512,9,82,206,1
15079.9,117879,-6610,55,271,4426,0
15493.8,141909,-2743.01,194,362,5847,0
10239.9,86583.5,-7600,60,254,3885,0
4957.67,1536.49,-1530.79,19,76,147,1
7844.81,9586.19,-2945,101,130,490,0
5286.57,4306.98,-1530,11,79,317,0
4036.11,1371.04,-971.03,33,51,102,0
9893.27,38882.9,-3705.01,37,180,2054,1
11764.8,74748.4,-4980,31,249,3630,0
17808.2,160269,-9570,81,388,6290,0
7151.28,14147,-2373.68,95,120,809,0
11824.1,54628.6,-2060,45,223,2822,0
9724.53,39742,-5417,21,177,1803,1
20675.4,244859,-12900,82,540,8870,0
13548.2,53197.7,-5874.52,57,288,2334,1
8072.84,30931,-3057,12,158,1580,0
4162.97,1941.62,-1068.4,8,63,166,0
3945.62,1445.45,-989.383,42,52,133,0
13666,92319.6,-6620,54,254,3885,0
12231,48393,13000,32,166,1414,0
2643.5,50.7956,-571,6,33,5,1
8714.23,24059,-2743,18,151,1358,1
14437.6,104597,-8120,39,300,4155,1
8437.93,21213,-3414,34,164,1214,1
8025.84,12885.1,-2758.55,16,132,806,0
13298.5,82000,-7275,39,288,3546,1
12933.4,95238,-6333.7,39,273,4429,0
3970.14,2177.4,-1105.52,20,54,165,0
13848.5,146770,-8772,52,305,5635,0
15578,157585,-8720,78,388,6290,0
9212.63,17180.5,-4138.72,30,183,931,1
4490.7,1552.68,-827.579,37,52,133,0
13245.3,89249,-7661,51,267,3889,1
22654,280014,-9684.44,68,468,9276,1
10354.8,57372.2,-3900,48,223,2822,0
17312.6,192845,-8370,151,372,7096,1
9402.96,22472.5,-2801.45,77,145,1156,1
8226.14,21719,-2917,79,157,1258,0
4391.81,2788.67,-982.009,36,54,204,0
9658.82,10190.5,-2140,37,154,587,0
13906.3,51979.3,-5944.12,66,288,2334,1
5325.98,3491.26,-809.996,50,51,132,0
6935.58,9992.07,-3010,54,105,649,0
5528.22,1955.91,-1451.8,16,76,147,1
7185.09,14036.6,-2422.49,91,120,809,0
10651.2,36901.6,-1390,37,166,1414,0
10438.5,27767.5,-4069.9,67,214,1469,1
11151.2,24320,-4891,29,204,1162,0
9430.87,26547.6,-1470,24,166,1414,0
5258.03,4265.67,-1310,14,88,292,0
5111.6,5899,-832,10,81,396,1
21684.6,514203,-12439.8,133,540,18067,0
12851.2,79650.6,-5740,60,272,3539,0
10990.9,85233.2,-2890,21,220,3450,0
9772.94,51906.7,-2190,27,188,2599,0
13810.3,46425.1,-5826.69,62,273,2061,0
14491.2,60356,-6140,64,300,2139,0
19052.1,161033,-7750,92,388,6290,0
9687.36,24798,-4140,39,190,1359,1
4665.68,1274.9,-806.292,24,51,102,0
7144.95,5179.73,-1280.34,28,83,226,1
8691.36,28521.3,-3481.58,33,179,1626,0
12767.1,62532,-5142,43,214,2460,0
6913.55,8137.41,-1200,21,102,516,0
5966.35,4143.27,-1561.22,126,88,318,0
8843.68,16912.5,-2688.83,77,142,844,0
8608.3,19573.6,-2697.6,90,151,1023,1
7348.51,14080.4,-2310.43,88,120,809,0
7002.28,11216,-2109,26,136,728,0
16384.7,148271,-6125,27,325,5643,1
4053.84,2237.16,-1048.37,21,54,165,0
6600.04,13481.6,-1500.78,24,96,804,0
8104.63,4633.68,-2692.97,32,131,271,1
15623.8,161191,-7774.99,77,352,6744,0
14608.4,139953,-4810,38,315,5844,0
11007.1,79305,-3456,33,227,3704,1
37333.6,1608170,-25314,184,898,33577,1
15934,107885,-5080,42,322,4619,0
20363.8,167977,-8604,187,374,5026,1
4899.49,4154.84,-1349.72,25,72,340,0
7095.22,7539,-4593,16,131,454,1
7396.99,12483.3,-2919.02,15,132,806,0
2520.44,55.0265,-595,94,33,5,0
19047.4,149743,-8450,82,449,5537,0
5036.3,4273.08,-1300,11,79,317,0
5768.63,11022.7,-1881.32,18,102,764,0
21783.8,411533,-9220,67,473,14125,0
13829.1,66242.8,-1540,67,223,2059,0
10753,38811.3,-3842.38,28,193,2118,0
13667.9,68134,-4419,72,238,2609,1
17752.5,139747,-9680,70,449,5537,0
6077.95,4122.24,-1494.81,126,88,318,0
8058.96,14685,-2836,10,152,849,1
6123.31,4963.28,4910,29,85,343,1
20671.6,178821,-10033,76,358,4443,1
9737,32921.2,-3652.19,88,176,1922,0
6751.22,8436,-2977,27,124,491,1
2384.62,52.8204,-322,92,33,5,0
7519.28,4930.65,-1790,21,86,205,0
25002.3,303703,-8990,104,537,8350,0
9907.52,33562.9,-3579.88,91,176,1922,0
13006.4,70528,-5525.14,41,262,3211,1
17334.1,218754,-11327,113,421,8088,1
6657.33,10353.5,-3660,15,109,689,0
6119.66,4639.33,-905,15,88,292,0
6626.48,7418.07,-1620,158,109,486,0
7737.54,27383.8,-2886.97,91,156,1521,0
6615.61,6168,-3333,23,132,397,0
7578.54,7659,-1835,13,116,399,1
9351.05,25740,-3165.06,25,174,1415,0
13236.7,61528.8,-5170,33,247,2754,0
6680.56,10325,-3010,15,109,689,0
9201.75,23910,-2424,54,173,1255,1
9050.64,17267.4,-3976.87,68,172,973,0
7636.87,9368,-2372,28,106,553,1
20672.4,344682,-7770,93,462,11563,0
11682.8,67712.2,-2014.94,66,247,3373,1
6597.9,7382.78,-1489.92,24,93,545,0
16765.4,158957,-7752,42,315,4346,0
5025.06,3938,-2767,5,90,271,1
14944.7,117075,-6370,70,271,4426,0
9210.41,17239.7,-4269.84,32,183,931,1
13918.4,106178,-8856,50,308,4156,0
6504.9,13101.3,-1608.46,17,96,804,0
2534.58,56.7712,-209,8,33,5,0
8465.49,13176.7,-2523.22,20,132,806,0
3916.08,2165.78,-942.749,21,54,165,0
10098.7,43197,-4534,46,190,2318,1
4293.3,1940.16,-1040.06,5,63,166,0
9846.99,39135.9,-3653.29,45,180,2054,1
14989.4,102157,-8431,58,357,4340,1
14425.4,83266.5,-2070,52,223,2822,0
35949.3,1209910,-22993,146,902,32818,1
11650.2,36852.9,-3880,24,234,1581,0
12764.2,48389,-3600,76,250,1639,1
19912.6,184401,-6770,81,403,6746,0
6825.01,13340.8,-1542.48,18,96,804,0
8948.92,26866.1,-2987.98,92,158,1403,0
9297.52,38657.5,-3050,14,196,1885,0
8082.96,12868,-3989,28,151,767,1
6757.58,10897,-3399,23,116,654,1
8088.97,13449,-4779,15,141,889,1
17305.8,171334,-2947,84,368,6522,1
6175.02,10771.7,-1809.52,14,102,764,0
5552.39,5019.65,-1030,15,85,343,1
7624.72,12100.2,-2737.64,77,128,693,0
8541.95,13484.5,-2925.56,23,148,729,0
14202.9,71256.5,-4370,67,224,2192,0
9052.34,11701.3,-3094.37,35,156,654,0
6336.07,8226,-1936,53,108,553,1
5327,4216.27,-597,18,88,292,0
5208.49,4604.75,-1670,24,88,292,0
9441.76,26454.2,-2921.94,100,158,1403,0
15926.9,162845,-7727.71,78,352,6744,0
6042.7,3197,-3861,15,127,270,1
18599.1,178407,-7651,73,438,7216,1
8328.39,52060.8,-4370,24,188,2599,0
5241.4,4789.5,-1210,22,85,343,1
12423.7,73214.7,-4250,25,249,3630,0
10389.3,55155,-3557,20,205,2824,0
7584,15742,-2692.12,75,134,970,0
10556.8,37249.6,-4122.31,113,205,1751,0
18097.2,237433,-9181,192,381,7710,1
16171.4,109979,-8090,65,351,4633,1
5101.95,3016.76,-1235.66,30,77,205,0
9603.44,39751.1,-2811.47,73,159,2181,1
15132.2,134839,-11936,55,410,5536,1
7767.28,12235,-1670.8,13,105,765,0
4173.59,1953.99,-1118.72,7,63,166,0
7180.74,9366.19,-3179.83,23,138,554,0
9529.37,55288,-4134,28,193,2894,0
8210.23,17627,-3871,167,135,888,1
14417,52080.9,-5497.21,63,288,2334,1
14174.7,163596,-7948,154,344,6859,1
6803.99,10831,-2813,99,118,727,1
12986,60587.5,-3850,43,247,2754,0
10632.6,48347.3,-4470,26,216,2677,0
9282.83,16894.9,-2738.5,82,142,844,0
11055.3,77773.1,-5450,39,272,3539,0
11464.9,60332.9,-6030,35,223,2822,0
11455.5,53824.5,-4424.8,111,209,2534,1
5501.99,4296.31,-779,17,88,292,0
13694.2,53010,-5902.44,52,288,2334,1
9434.08,38959,-4287.95,20,193,2118,0
10975.5,49200.1,-4310,18,216,2677,0
11942.4,73982.8,-4670,23,249,3630,0
8612.71,12064.1,-2566.86,85,128,693,0
9170.33,20178.8,-3500.93,80,163,1162,0
9019.1,28844.3,-3358.95,31,179,1626,1
18505.1,198592,-8410,54,390,7459,0
7602.64,15173.6,-2715.68,69,134,970,0
5550.83,1806,-2489,46,85,151,1
12150.4,113759,-2850,47,235,4905,0
9181.92,25750.2,-2827.08,33,157,1519,0
13013,123693,-8405,58,281,4915,1
15816.3,116103,-5180,54,271,4426,0
5541.26,4397.6,-863,12,88,292,0
9732.08,26278.9,-3361.55,22,174,1415,0
14874.8,148334,-8943,43,285,5840,1
15265.7,142002,-5000,54,315,5844,0
6983.26,10830.2,-3000,9,109,689,0
8034.49,16553.2,-2825.42,79,142,844,0
6340.51,5542.88,-1670,24,85,343,1
5246.95,4430.5,-54.1,20,88,292,0
5147.75,3478.04,-790.805,50,51,132,0
8606.25,8420,-4215,15,147,491,1
5118.03,4215.48,-1570,12,79,317,0
9951.83,12153.2,-2211.2,86,136,619,0
10154.4,26895.9,-2500,32,166,1414,0
2491.9,55.8893,-317,8,33,5,0
12459.4,71670.7,-5633.36,28,262,3211,1
7680,25458,-3902,43,142,1622,0
5154.4,2963.19,-1310.96,34,77,205,1
12846.9,60043.6,-5040,34,247,2754,0
3949.56,1473.18,-998.586,41,52,133,0
9534.32,47968.6,-4490,22,216,2677,0
6106.08,4979.25,-894,21,85,343,1
12114.4,73644.5,-4430,22,249,3630,0
8892.79,20590.9,-3522.82,92,163,1162,0
20568.5,338746,-12336,125,442,9536,1
5869.83,10845.4,-1890.38,19,102,764,0
27671,443927,-16710,128,693,13324,1
8115.99,9459.69,-1260,30,102,516,0
3255.73,1349.06,-264.216,0,40,100,0
10864.1,44379,-5275,53,204,2190,0
9169.75,24253,-2906.45,23,154,1252,0
13385.7,158829,-6132,65,306,7090,1
13836.6,81157.4,-5290,54,272,3539,0
6629.79,10259.5,-3060,16,109,689,0
12233.2,53072.3,-4233.62,97,209,2534,0
7801.06,9614.78,-2984.52,98,130,490,0
9040.58,27938,-3209,35,149,1254,1
9431.17,16796.6,-3790.96,79,172,973,0
4165.22,2063.3,-1064.24,10,63,166,0
8782.47,21769.9,-398,17,166,1111,0
9863.19,32932.1,-3495,80,176,1922,0
23276.5,520974,-11561.9,129,540,18067,0
9343.07,37987.2,-3800.21,41,180,2054,1
9443.41,53391.5,-2060,32,188,2599,0
20373.2,185478,-4140,75,403,6746,0
10125.5,86607.4,-2160,23,220,3450,0
7272.95,9394.1,-3119.23,21,138,554,0
5072.47,4273.39,-1160,11,79,317,0
10930.8,50679.7,-4540,23,216,2677,0
21803,202458,-10895,87,470,6758,0
10017.7,42155,-5362,26,202,2253,1
14168.2,94226.5,-5830,67,254,3885,0
15946.5,117228,-4280,58,271,4426,0
8273.3,12061.8,-2545.5,80,128,693,0
5281.75,4157.46,-1241.92,29,72,340,0
2591.73,68.3841,-479,96,33,5,0
8945.63,38794.7,-3870.93,47,180,2054,1
9904.91,41258,-5933,16,187,1993,1
10803.6,63974,-4460,90,230,3205,1
13768.3,50902.1,-4040,47,234,2464,0
9585.89,26095.7,-3396.21,27,174,1415,0
12211.6,42337,-6104,44,221,1749,1
7856.29,12825.5,-2796.23,15,132,806,0
6231.2,3325.37,-989,10,75,166,1
5896.51,6956.61,-1702.29,52,93,545,0
13494.2,80509.9,-5190,43,272,3539,0
6972.91,7991,-3076,33,112,428,1
23214.2,265236,-10800,79,540,8870,0
7010.53,14009.8,-2353.63,81,120,809,0
11319.8,43474.1,-1670,56,223,2059,0
13901.7,146542,-8242,50,326,5954,1
4867.59,3155.36,-1116.85,29,71,249,0
10697.7,39296.9,-3930.47,27,193,2118,0
8177.65,12009.4,-2584.42,82,128,693,0
17684.8,139461,-9020,76,449,5537,0
6911.97,5303.66,-2125.13,55,107,346,1
10650.1,51458.5,-4408.81,107,209,2534,1
6643.49,9544.47,-2481.01,28,118,621,1
19180.6,198440,-7890,51,390,7459,0
13968.7,154726,-5951,56,292,6169,1
8641.7,25800.3,-2650,49,156,1364,0
5147.09,2844.16,-1238.32,49,67,224,0
29495.7,856978,-23150,118,863,24470,1
4194.33,3356,-925,10,68,270,1
9550.58,17737.8,-2660.87,82,142,844,0
5722.98,4132.52,-1488.51,116,88,318,0
6502.08,5282.82,-2490,7,79,292,0
14900.1,140512,-4210,52,315,5844,0
17634.2,195974,-9420,45,390,7459,0
19726.6,178987,-4470,91,403,6746,0
9099.5,20529,-2884.53,66,145,1156,1
10820.4,28955.3,-2290,29,194,1521,0
23524.6,540960,-12723,82,411,12656,1
10887.9,68742.7,-5213.85,148,247,3373,1
9596.29,39266.8,-3080,20,196,1885,0
5573.2,7577.92,-1859.39,73,104,457,0
6599.49,5262.24,-1830,8,79,292,0
9688.67,32615.8,-3679.65,82,176,1922,0
24435.7,273730,-12100,80,540,8870,0
9189.21,24662.4,-2880.08,26,143,1017,1
5611.04,7166.24,-1631.18,49,93,545,0
9578.66,29653.8,-3275.86,120,171,1747,1
13306.8,63367,-6542,54,286,2830,1
10532,37933.1,-4229.97,116,205,1751,0
5861.25,4753.82,-1260,21,85,343,1
11421.1,27060,-762,35,166,1111,0
22721.3,501633,-14574,111,603,16774,1
12868,70266,-5889,61,257,3058,1
6353.52,5173.9,-2226.34,53,107,346,0
13928.4,53367.8,-5924.04,58,288,2334,1
15845.4,49321.1,-2555.69,64,273,2061,0
13165.5,60994,-5090,23,247,2754,0
11441.8,28331,-6127,56,167,1309,1
17944.7,171938,-6960,30,339,5849,1
20012.5,244756,-12100,85,540,8870,0
13433.7,60938.3,-5130,39,247,2754,0
12060.2,78755.3,-6150,38,272,3539,0
5734.87,7334.88,-1667.32,48,93,545,0
8823.48,12012.7,-2513.96,89,128,693,0
4839.23,2999.9,-1215.28,44,67,224,0
7398.81,13954.6,-2408.23,92,120,809,0
11155.1,52644.9,-3840,53,224,2192,0
8659.45,9951.57,-2340,44,154,587,0
10060.9,26829.5,-4308.53,45,214,1469,0
16024.8,132172,-6483,47,348,5123,1
22552.8,514962,-10895.1,130,540,18067,0
13204.5,142276,-8216,144,322,5630,0
11387.2,44797,-3380,46,223,2059,0
11071,32766,-5960,29,193,1637,0
11158.8,39647.6,-3980.49,101,205,1751,0
19601.5,269771,-10686,223,440,7593,1
14791.2,74941.5,-2020,60,223,2822,0
14415.6,142126,-6042.81,169,308,6057,0
9949.03,32710.2,-3525.18,94,176,1922,0
23867.2,470143,-12400,50,483,15505,0
11892.5,33965.4,971,36,234,1581,0
10349.8,58030.5,-4515.86,138,217,2904,1
8367.8,27703.9,-2340,30,156,1364,0
12832.6,74197.8,-4450,23,249,3630,0
23508.6,282331,-9477.52,83,468,9276,1
5824.42,7636.09,-1817.4,76,104,457,0
9004.17,38683.1,-3850.42,43,180,2054,1
14615.8,78989.2,-7356.71,64,320,3466,1
5586.67,1782.69,-1427.63,15,76,147,1
12184.6,89290.7,-6700,46,254,3885,0
13683.8,47053.9,-5648.22,67,273,2061,1
11724.8,35923,-4267,74,226,1526,1
14035.6,89880.5,-2920,32,254,3885,0
12362.8,53068.6,-4234.72,93,209,2534,0
5945.75,5029.7,-2390,7,79,292,0
5848.22,4964.52,-1950,7,79,292,0
5424.7,1797.18,-1429.71,19,76,147,1
8812.66,13724.3,-2459.68,27,132,806,0
3455.08,1398.86,-298.459,0,40,100,0
12363,73400.5,-4490,27,249,3630,0
22483.8,353735,-14115,71,533,11885,1
6741.83,13236.6,-1511.19,30,96,804,0
4284.48,1322.12,-877.594,9,51,102,1
9039.99,27411.8,-3012.01,98,158,1403,0
14352.5,142067,-6869.88,0,362,5847,0
7598.89,9742.16,-2535.83,19,123,621,0
9730.09,22845,-3462,39,214,1025,0
8949.81,28996.3,-3378.1,35,179,1626,1
11299.1,38231,-5587,42,189,1805,1
3870.42,1443.04,-989,42,52,133,0
6867.66,13554.4,-1511.16,21,96,804,0
17228.7,230844,-8095,94,419,8352,1
10030.5,10001,-2971,99,139,398,0
6255.53,1432,-250,8,81,88,1
12626.1,116108,-3330,46,235,4905,0
7586.45,9278.47,-1897.77,70,107,517,0
6090.24,6965,-2432,29,89,451,1
8452.96,19944,-3572.2,79,163,1162,0
11268.5,49812.2,-5010,16,216,2677,0
9163.48,51069.2,-2750,20,188,2599,0
14240,57931.9,-4620,39,215,2188,0
6842.81,5096.65,-1960,16,79,292,0
14785.6,174109,-6684,116,349,7338,1
6671.31,5218.64,-2150,10,79,292,0
10016.8,36304,-4744,40,212,2054,1
11731.7,60882.5,-3893.95,101,217,2904,0
11566.8,114279,-4230,42,235,4905,0
12721,116199,-4020,39,235,4905,0
13221.9,105660,-5544,25,263,4808,1
25104.1,475558,-11200,55,483,15505,0
9539.51,27329.6,-2799.04,84,158,1403,0
9424.97,39729.5,-2940,21,196,1885,0
8491.57,14231,-3652,54,135,732,1
7560.93,10042,-2681,27,118,654,1
9155.75,38995.5,-2450,11,196,1885,0
5301.73,4295.64,-891,15,79,317,0
26523.7,474891,-11800,59,483,15505,0
5905.54,7181.2,-1618.79,43,93,545,0
22777.4,278596,-8857.49,67,468,9276,1
20881.5,332512,-2730700,91,499,12195,0
4081.79,1452.12,-882.116,31,52,133,0
4890.58,6330,-1572,6,76,395,1
6812.61,17280,-3212,70,125,1062,1
6034.82,10301.5,-3060,17,109,689,0
9424.24,27295.7,-2859.65,97,158,1403,0
12188.2,37054,-3707,27,200,1575,1
9747.05,29209,-4401,60,192,1524,1
22555.7,516177,-11510.9,144,540,18067,0
14425.8,117536,-6756,63,293,4819,1
6842.04,4001.41,-2263.37,73,101,249,0
15768.3,114791,-3590,57,271,4426,0
9528.2,15134,-2373,26,161,809,1
9595.29,26375.2,-3336.37,30,174,1415,0
8971,11296.2,-3093.65,35,156,654,0
3446.87,655,-558,23,40,52,0
4799.92,3056.07,-1282.89,50,67,224,0
9393.71,26548.7,-3346.48,21,174,1415,0
9804.02,26127.4,-3292.87,28,174,1415,0
8979.02,25451.8,-3145.63,32,157,1519,0
7158.81,9436.53,-3453.2,16,138,554,0
7038.9,13790.1,-2390,94,120,809,0
3981.73,1464.02,-1001.47,38,52,133,0
10538.2,29944,-3381,33,183,1418,1
4132.51,2138.49,-1031.18,20,54,165,0
14849.1,143015,-3520,61,315,5844,0
24477.6,473378,-10900,51,483,15505,0
11324.7,27356.6,-4184.48,34,214,1469,0
5495.36,10964.1,-2147.43,18,102,764,0
8951.52,12611.2,-2752.41,59,136,619,0
13316.9,90144,-5879,49,277,4151,1
12202.2,41137,-6143,36,216,1754,0
3943.56,1463.61,-939.858,35,52,133,0
14004.1,116017,-1850,40,235,4905,0
6002.02,5104.18,-2040,7,79,292,0
7725.52,12847.4,-2808.44,15,132,806,0
13267.7,91675.6,-4540,58,254,3885,0
10992.1,36421.5,-2890,26,166,1414,0
7084.74,4115.86,-2314.87,70,101,249,0
9595.3,30767.9,-3220.82,126,171,1747,1
17922.9,159622,-9710,89,388,6290,0
9182.81,26707,-2730,31,156,1364,0
6557.18,6092,-1570,33,105,371,0
9233.03,16484.3,-3538.8,75,172,973,0
9500.66,11433,-2620.07,88,139,587,1
5613.72,6992.2,-1620,138,109,486,1
6641.48,4760.26,-1720,13,79,292,0
17311.2,137031,-6180,71,449,5537,0
8765.01,30699.1,-2101.44,31,132,1513,0
11635.5,55874.7,-3140,67,224,2192,0
18162.8,202432,-7950,61,390,7459,0
11821.7,31393.6,-108,31,166,1111,0
5791.44,7312.67,-1645.11,48,93,545,0
13613.4,51617.3,-4210,28,234,2464,0
12515.4,118096,-6188,23,263,4807,1
17989.7,161017,-9480,91,388,6290,0
7645.18,12042.4,-2782.51,74,130,694,0
10459.9,26966,-4195.91,51,214,1469,0
21143.4,335889,-7830,85,462,11563,0
2434.15,51.4555,-559,8,33,5,1
17800.6,198032,-2508800,78,383,6636,1
15097.8,188347,-5336,58,323,7333,1
5316.72,4394.67,-1650,21,85,343,1
9931,38031.3,-4141.77,22,193,2118,0
13732.2,180892,-8642,302,368,7097,1
5902.88,7304.41,-1643.28,52,93,545,0
5174.08,3143.15,-1240.08,34,77,205,1
6904.04,5310.65,-2302.97,73,107,346,0
6663.79,4011.28,-2383.87,68,101,249,0
11647.4,112078,75300,49,235,4905,0
3914.63,1445.58,-945.277,42,52,133,0
13173.8,78189.2,-4850,59,272,3539,0
5653.71,7619.97,-1857.09,75,104,457,0
24076.4,477532,-11300,46,483,15505,0
16104,122366,-5220,63,271,4426,0
8550.77,20108.2,-3511.28,81,163,1162,0
9080.1,17471.5,-2745.54,83,142,844,0
6000.47,7346.14,-1642.39,49,93,545,0
8447.02,16479.8,-2817.82,76,142,844,0
7581.81,8907,-3860,39,103,428,0
12925.8,81599,-6817,62,265,3292,1
7409.61,16920,-2584,45,130,932,0
12663.4,79528,-6471,127,292,3546,0
6765.22,13480.9,-1536.9,20,96,804,0
7433.07,13070,-2630,18,134,845,0
13181.6,51268.2,-3420,41,234,2464,0
9442.13,39214.4,-2750,25,196,1885,0
6897.62,5434.01,-1710,10,79,292,0
14107.6,55699.1,-4460,33,215,2188,0
10451.7,10486.3,-1660,40,154,587,0
12979.5,57935.1,-4060,46,224,2192,0
10923.6,31479,-5018,65,233,1587,1
4965.28,4261.85,-1450,10,79,317,0
10457,35209.8,-4224.16,110,208,1691,1
13307.8,51370.1,36.8,29,234,2464,0
6371.28,8475.91,-1610,26,102,516,0
8626.26,21900,-3695,17,147,1018,1
12386.3,70842.1,-5662.44,36,262,3211,1
7527.74,9186.88,-3124.92,21,138,554,0
6470.74,8372,-2215,9,105,580,0
7986.62,12876.8,-2603.86,24,132,806,0
9536.95,23149.6,-3620,32,182,1212,1
9764.87,27292.7,-2030,31,156,1364,0
13303.9,45790,-5835.18,46,273,2061,0
5641.39,4287.75,-1540,13,88,292,0
12096.9,45464,-5160,16,228,2002,0
6537.92,13599.5,-1581.42,30,96,804,0
9733.55,47897.5,-3760,26,216,2677,0
8329.13,9672.36,-2820.82,23,138,554,0
8898.74,13881.9,-2879.79,24,148,729,0
25602.8,496133,-16211,145,577,15522,1
22876,266756,-15000,80,540,8870,0
5818.73,10356,-2116,9,96,648,1
11113.1,58486.3,-4398.11,125,217,2904,1
6060.12,12913,-231,62,109,806,0
7881.38,18966,-3255,35,152,1108,1
9183.13,27788.9,-2710,19,166,1414,0
11122.9,27392,-4897,47,225,1268,1
9861.15,55495,-5279,170,212,2674,1
7410.17,8038.89,-3440,30,149,549,1
9199.75,26558.3,-2983.54,102,158,1403,0
12162.9,68474,-4482,54,214,2533,0
7092.6,13807.7,-2382.72,96,120,809,0
14675.4,80428.5,-7033.47,78,320,3466,1
14846.9,183809,-9681,258,404,6978,1
9025.98,10991.8,-2952.18,27,156,654,0
14256.8,107939,-6310,58,322,4619,0
18598.4,139021,-8960,75,449,5537,0
16699.9,184386,-12726,59,405,7096,1
14436.3,28338,-6737,47,276,1169,1
13252.4,75361.1,-4730,43,264,3217,0
7679.52,16995,-388,7,116,886,1
7066.74,12777.3,-2852.12,15,132,806,0
13497.4,51154.5,-4250,40,234,2464,0
15712.7,223021,-8267,68,359,8597,1
13690.2,52665.7,-6117.45,48,288,2334,1
18456.5,309079,-10674,339,448,10961,1
13986.4,66062.9,-4060,56,224,2192,0
5447.1,5206.34,-1700,21,85,343,1
4942.82,2909.73,-1284.48,35,77,205,1
8087.7,9688.22,-2281.4,12,123,621,0
14727.5,115706,-6080,59,271,4426,0
13058,54019.6,-3800,18,216,2677,0
19248.4,161076,-10600,71,388,6290,0
9650.88,27466.9,-1870,27,166,1414,0
6957.94,6141,-1451,12,80,341,1
6858.25,5327.93,-1660,9,79,292,0
11562.4,48079.4,-1410,27,166,1414,0
19646.7,221048,-10685,67,437,7577,1
7503.62,13644,-2684,25,148,769,0
11551.3,112982,-3680,39,235,4905,0
3619.91,2399,-977,7,56,183,1
9063.3,23613,-3635,24,158,1258,0
4038.24,2266.85,-1128.56,22,54,165,0
7588.46,4175.55,-1600,29,86,205,0
6226,11731,-1062,20,101,804,0
11440.6,37430,-2665,30,147,1210,1
3583.76,1328.17,-662.313,32,40,100,0
25679,381090,-12477,129,661,12215,1
8751.63,14889,-4903,15,160,769,1
13036.9,60446.9,-4910,25,247,2754,0
13414,95844.9,-5761.78,46,294,4249,1
7561.98,9600.31,-2477.78,15,123,621,0
9441.23,26259.5,-3367.83,29,174,1415,0
5211.17,3386.48,-822.76,50,51,132,0
4037.77,2194.64,-1080.14,20,54,165,0
9714.21,29589.7,-1950,29,156,1364,0
50895.5,2352450,-25390,302,962,38971,1
5498,7006,-2708,11,89,485,1
13504.8,62330,-7140,13,187,1928,1
28631.7,539292,-17198,91,622,16243,0
5630.93,4165.8,-1553.13,126,88,318,0
14897.5,145023,-5550,54,315,5844,0
11827.3,47049.4,-6480,22,215,2188,0
4842.01,2932.41,-1240.23,48,67,224,0
7454.82,21248,-2532,14,121,1156,1
6843.42,13963.9,-2390.98,89,120,809,0
8400.06,23751,-5400,21,179,1462,0
10256.8,33079.8,-870,30,166,1111,0
5751.52,4129.73,-1520.65,126,88,318,0
7233.48,11814,-3064,4,121,725,1
18165.5,204814,-8886,24,374,7459,1
6338.1,10327,-2690,16,109,689,0
7182.57,13967.1,-2402.27,91,120,809,0
8234.02,4465.94,-2477.05,46,131,271,1
21328.3,279173,-10124.5,68,468,9276,1
11131,34674,1410,42,166,1111,0
13213.6,79811.6,-5450,58,272,3539,0
12198,45319.4,-2670,43,223,2059,0
7982.94,25708.7,-1870,30,156,1364,0
8751.11,12778.7,-2650.32,90,136,619,0
7288.54,14178.6,-2340.81,88,120,809,0
8938.59,38391.9,-2370,16,196,1885,0
10396.2,10366.4,-2270,31,154,587,0
11091.6,39298.3,-3594.69,29,193,2118,0
9552.34,16681,-3841,88,172,973,0
26230.2,328080,-9130,77,540,8870,0
11104.2,50063.1,-5040,19,216,2677,0
14056.1,140468,-5200,47,315,5844,0
26064.8,656324,-15954,83,614,19827,0
5658.92,4368.51,-808,22,88,292,0
12872.7,51041.5,-4280,31,234,2464,0
8935.31,26925.4,-3031.19,93,158,1403,0
9055.52,29103.4,-3437.35,32,179,1626,0
7066.77,12822,-1810,12,129,808,1
4018.94,2191.37,-1029.73,20,54,165,0
23095.1,520140,-11278.8,120,540,18067,0
13106.3,82418,-7527,47,325,3465,1
2491.23,52.2254,-656,8,33,5,0
10791.5,39866,-3919.71,26,193,2118,0
7642.99,7037.49,-2075.54,41,108,428,0
14274.2,57692,-7205,82,258,2330,1
12962.9,46871.8,-5950.89,68,273,2061,0
10071.8,34752.3,-4313.84,124,208,1691,1
13423.3,77766.5,-5624.9,27,262,3211,1
16823.8,201357,-9300,42,390,7459,0
4886.03,3485.93,-918.181,49,51,132,0
4629.43,3223.47,-1232.17,34,71,249,0
11977.7,62135,-4375,229,216,2396,0
12920.8,79748.6,-7030,46,272,3539,0
25168.6,273970,-9400,106,537,8350,0
4581.72,3289.44,-1355.08,34,71,249,0
19870.4,190729,-14345,304,437,6411,1
6374.94,7457.23,-1450.34,48,93,545,0
13467.7,79140.1,-5510,60,272,3539,0
2560.44,52.8877,-374,8,33,5,0
14065.5,76653.7,-6450.8,80,320,3466,1
5704.25,4205.56,-1080,12,79,317,0
10264.4,28254.5,-2410,27,194,1521,0
35558.1,767330,-12671,155,679,16966,0
12356.3,49270.4,-6080,28,215,2188,0
11744.2,40825.9,-3884.51,28,193,2118,0
37563.7,1073140,-22125,184,775,25801,1
5609.1,9899.21,-2910,27,109,689,0
9542.75,39777.1,-3030,21,196,1885,0
11908.7,30235.9,-2080,39,194,1521,1
8203.24,13298,-3344,9,112,549,1
10350.2,37995.3,-4202.73,130,205,1751,0
7216.59,9580.74,-2493.61,26,123,621,0
8037.22,10280.1,-2346.36,28,123,621,0
8658.07,12416.8,-2410.26,72,128,693,0
5501.06,4134.41,-1521.63,128,88,318,0
25495.1,477157,-10900,58,483,15505,0
9816.78,32930.3,-3577.92,100,176,1922,0
8095.09,16522.8,-2860.91,75,142,844,0
22422.6,515581,-11590.3,144,540,18067,0
2523.09,60.1734,-569,92,33,5,0
5902.91,6371,-1049,272,95,429,1
8365.58,25516.4,-3211.34,34,157,1519,0
15156.7,202367,-8665,55,388,7588,0
18511.2,159861,-10200,84,388,6290,0
8107.84,13052.3,-2687.49,16,132,806,0
10811.2,38698.2,-3867.22,28,193,2118,0
9935.1,38684.3,-3970.25,32,193,2118,0
9448.81,51046.4,-2360,23,188,2599,0
14174,63458.7,-6510,28,247,2754,0
10177.5,53842.8,-2580,32,188,2599,0
7804.95,12759,-2981,34,160,770,1
12756,68486,-4464,38,264,2681,0
18011.8,198454,-8530,46,390,7459,0
7995.23,9542.68,-2422.05,20,123,621,0
4012.01,2177.13,-1127.91,20,54,165,0
17506.3,63952,-6749,68,292,2756,1
3794.7,1493.48,-949.764,38,52,133,0
25518.3,479263,-11700,54,483,15505,0
25836.5,496778,-16870,136,640,16053,1
5677.43,4178.1,-1485.49,124,88,318,0
4814.44,3028.91,-1182.64,36,71,249,0
18545.8,266047,-12163,85,481,8479,0
17879.4,159581,-7847,96,389,5536,1
4165.28,2013.43,-1086.75,6,63,166,0
2456.07,54.2252,-184,6,33,5,1
23883.2,471876,-12000,70,483,15505,0
9058.63,13430,-2950.43,18,148,729,0
4598.3,4146.34,-1130,11,79,317,0
10950.6,69097.6,-5315.89,144,247,3373,1
9133.42,14045.5,-2699.69,30,148,729,0
12341.1,78212.9,-7000,51,272,3539,0
14477.5,96071,-5727.76,51,294,4249,0
10077.4,40387.6,-3110,22,196,1885,0
4121.28,1810,-1462,17,67,148,0
10272.1,10295,-1620,37,154,587,0
7489.6,12231,-2556,18,126,689,1
10705.9,38859.4,-3770.72,38,193,2118,0
10224.5,21567,-4351,87,184,1118,0
7333.47,8785,-3057,15,106,552,1
4124.7,2177.29,-1034.97,20,54,165,0
11906.8,73852.8,-4010,30,249,3630,0
3811.83,2190.05,-1108.8,20,54,165,0
6611.83,6833.75,-2000,160,109,486,0
6004.88,5346.71,-1820,25,85,343,1
8417.11,12249,-2200,25,140,656,0
7466.67,14110.2,-2345.68,96,120,809,0
22053.8,515804,-11542,143,540,18067,0
9873.69,34804.4,-4416.26,120,208,1691,0
5498.23,4180.48,-1499.6,120,88,318,0
11135.8,25976,-4762,24,195,1467,1
6477.21,10274,-2150,15,109,689,0
24928.8,479151,-10883,86,489,8876,0
12733.7,79056.2,-5290,49,272,3539,0
5783.28,7559.43,-1862.81,75,104,457,0
10361.6,58812,-130.157,107,217,2904,1
13871.1,131378,-4492,82,306,5630,1
6638.27,5345.31,-2090,9,79,292,0
21682.5,317300,-10970,84,449,9827,0
21706.8,328049,-11443,93,404,9138,1
13757.3,83841,-7462,27,261,3454,1
9984.95,27567.7,-1930,41,194,1521,0
9915.8,49426.1,-6660,22,216,2677,0
25082,253828,-8880,100,537,8350,0
9804.32,26108.4,-3273.72,27,174,1415,0
13117.5,140351,-6289.26,170,308,6057,0
14390.5,180746,-7489,84,372,6863,1
7754.31,6868,-2778,21,139,429,1
15281.9,116739,-5910,57,271,4426,0
21499.4,465709,-12700,80,483,15505,0
9292.05,26158.8,-3007.99,31,157,1519,0
6931.52,9203.3,-3230.41,32,138,554,0
5518.79,4285.92,-731,11,79,317,0
3806.95,2169.38,-1146.25,20,54,165,0
9168.42,17198,-4155.66,32,183,931,1
21859.2,468861,-10019,101,442,12979,0
2446.29,51.7125,-601,8,33,5,0
13225.4,60448,-4680,36,247,2754,0
13355.7,90324.1,-4660,60,254,3885,0
6477.76,13306.5,-1616.33,18,96,804,0
10866.4,66003,-6610,46,228,2966,1
10209.2,22983,-4167,35,190,1161,1
9264.83,22982.5,-4760,28,182,1212,1
9678.51,38231.6,-3687.94,36,180,2054,1
20633.9,160155,-8630,93,449,5537,0
7189.37,5728.22,-1120,24,79,292,0
16862.9,158979,-8631,59,354,6405,1
6742.64,5239.04,-2437.2,70,107,346,0
12376.3,113266,705,41,235,4905,0
4899.28,3951.78,-1590,20,88,292,0
9363.74,37928.8,-3795.49,38,180,2054,1
11111.1,51441.5,-4494,108,209,2534,1
8891.92,28869.5,-3414.65,33,179,1626,0
5091.81,4269.08,-1520,10,79,317,0
11354,68841,-5142.48,150,247,3373,1
23949,519895,-11320.2,140,540,18067,0
10575.1,53717.5,-3330,31,188,2599,0
10025.7,10536.3,-2730,35,154,587,0
8308.81,33486,-4184,17,155,1808,0
14194.9,73977,-5182,36,299,3379,1
12236.5,133472,-6364,46,254,5416,0
6996.06,4073.9,-2258.25,71,101,249,0
6793.45,6067,-2743,4,76,318,1
7830.49,17284,-4920,11,132,850,0
13962.6,46974,-5690.4,63,273,2061,0
6548.9,5255.66,-1700,8,79,292,0
10712.6,31987.6,-4935.66,106,204,1692,1
14405.8,73996,-3841,40,303,2901,1
12949.7,74374.4,-4340,24,249,3630,0
8064.21,9521.81,-961,25,102,516,0
9409.19,26958.2,-2130,22,166,1414,0
8287.79,11330,-3587,27,122,615,1
4589.01,1933,-1706,10,61,148,1
13579.4,98062.5,-5354.46,162,281,4061,1
7799.2,12865,-2802.87,15,132,806,0
3812.77,2141.06,-1090.02,20,54,165,0
14644.4,59660.8,-2430,52,223,2059,0
15588.6,116375,-3450,50,271,4426,0
5315.15,3413.6,-790.954,46,51,132,0
24955.3,520746,-10216.1,137,540,18067,0
16512.4,195641,-8660,59,390,7459,0
3824.02,2162.45,-1159.66,20,54,165,0
12674.2,99065,-6710,203,263,4248,1
16625.9,159835,-7509.96,80,352,6744,0
2320.51,55.3419,-275,94,33,5,0
7318.6,4104.22,-2200.1,69,101,249,0
25999.3,481586,-12100,88,483,15505,0
13779.4,128523,-7673,75,346,5420,1
18897,160331,37900,83,388,6290,0
6454.99,11796.8,-1878.9,15,105,765,0
8169.22,11978.8,-2552.44,82,128,693,0
12174.1,72181,-6643,37,253,3134,1
7226.94,10434,-3162,8,137,656,1
9737.31,49720.4,-6830,32,216,2677,0
11909.4,54043,-6089,70,210,2255,1
5887.45,4176.48,-1559.42,120,88,318,0
12806.4,73746.8,-4000,26,249,3630,0
5297.79,4031.48,-1940,14,79,292,0
4459.72,3234.45,-1242.38,34,71,249,0
6268.3,6034,-1882,65,90,420,1
16012.8,164435,-7960.19,73,352,6744,0
10245.7,39694,-5506,236,191,2119,1
5007.59,4945,-1372,34,77,340,1
13505.4,49957.3,-4000,33,234,2464,0
12402.9,74066.4,-3770,22,249,3630,0
5621.79,4330.75,-1225.34,9,72,340,1
22605.5,410715,-8280,68,473,14125,0
8008.15,12458,-3366,24,169,695,1
9821.92,26131.2,-3371.5,25,174,1415,0
13134.5,51333.6,-1500,35,234,2464,0
9381.58,13727,-2958.43,20,148,729,0
13862,71391,-5831,264,255,2751,1
10150.4,36800.3,-3600,39,196,1997,0
10074.1,51315.7,-2920,28,188,2599,0
12118.8,73762.4,-4180,20,249,3630,0
12040.1,110734,-5400,40,257,4523,1
6314.76,7822.57,-1731.5,63,104,457,0
17271.5,160687,-11300,77,388,6290,0
5786.26,3629.83,-993.327,26,71,249,0
8225.49,12088.9,-2587.32,81,128,693,0
9273.27,38062,-3699.84,38,180,2054,1
9830.91,39579,-3987,38,182,1993,1
10662.4,38621.7,-3960.21,40,193,2118,0
13771.1,143816,-5771.46,160,308,6057,0
12452.9,71412.6,-5628.32,28,262,3211,1
13239.3,51962,-6367,129,272,2468,0
14784.6,145551,-8616,193,359,6078,1
13123.6,78485.7,-5040,63,272,3539,0
6686.13,10452.5,-3640,16,109,689,0
18060.3,197832,-9019,64,388,7464,0
6925.03,4144.85,-1880,26,86,205,0
36655,1422530,-17263,129,875,36502,1
6477.07,7582.64,-1617.91,64,104,457,0
7657.59,9354.08,-3087.78,15,138,554,0
7773.09,4705.26,-2685.54,37,131,271,1
4357.34,2254.9,-996.106,22,54,165,0
11572.7,45735,-1780,44,223,2059,0
10939.7,42173,-5095,37,197,2055,1
18064.4,250646,-9483,84,468,8473,1
20081.4,281917,-9354,76,457,9274,1
10091.7,17025.3,-3675.96,76,172,973,0
11209.4,86899.5,-2510,12,220,3450,0
13841.7,81864,-5080,61,272,3539,0
11851.7,57414.9,-3270,66,224,2192,0
16056.7,116627,-4730,64,271,4426,0
9825.88,35257.4,-4325.2,119,208,1691,0
5750.58,7115.45,-1678.1,54,93,545,0
14405.5,59199.2,-6815.36,163,305,2610,0
10349.9,49929,-5396,44,255,2530,1
24501.9,472379,-12600,44,483,15505,0
6621.6,12036.8,-1835.81,8,105,765,0
8014.03,11993.1,-2540.85,84,128,693,0
14793.9,142726,-8163,239,371,5742,1
6323.24,12986.9,-1704.51,14,96,804,0
7322.17,8874.15,-1903.26,79,107,517,0
9283.25,25748.4,-3440.97,29,174,1415,0
11285.5,25809,-4623,42,203,1308,1
10861.9,35682.3,-4258.51,135,208,1691,1
3567.77,1431.19,-1005.52,42,52,133,0
9317.62,36696.1,-4570,37,196,1997,0
8614.74,51165.2,-4120,24,188,2599,0
20785.4,255605,30300,71,540,8870,0
6861.08,5385.02,-1930,11,79,292,0
6533.86,13576.3,-1569.7,15,96,804,0
8548.09,14015.3,-2858.94,19,148,729,0
12183,73743.3,-4590,27,249,3630,0
4262.84,409,-952,9,55,36,1
8305.49,9861.57,-2396.3,12,123,621,0
9666.76,10292.9,-1810,36,154,587,0
4723.16,4230.54,-1880,9,79,317,0
5960.68,11248.8,-1938.34,25,102,764,0
8299.06,11978.2,-2549.6,82,128,693,0
7681.59,7974,-2144,23,137,488,1
8778.14,16871,-2480,26,163,932,0
5798.52,3488.97,-724.454,49,51,132,0
9072.83,17185.7,-4270.5,36,183,931,1
12527.9,129817,-7535,118,258,5414,1
8335.12,11047.6,-3111.05,33,156,654,0
14709.5,59547.4,-3840,65,224,2192,0
4831.9,2873.87,-1266.35,50,67,224,0
11376.1,113509,-3700,48,235,4905,0
9753.25,28496,-2835.19,94,158,1403,0
15946.3,114927,-4470,52,271,4426,0
18082.2,64575,-7839,187,342,2468,1
8411.67,12220,-2397.13,80,128,693,0
20751.5,153557,-8730,104,449,5537,0
11152.3,43262.4,-3170,15,196,1885,0
12921.4,60135.8,-5580,23,247,2754,0
20836.6,340701,-8570,108,462,11563,1
12479.7,68088,-7615,42,260,3137,1
10713.6,37305.2,-4084.31,107,205,1751,0
4942.25,3379.65,-834.824,49,51,132,0
25351.5,476365,-11600,53,483,15505,0
18658.3,103238,-11930,207,367,3892,1
8276.14,25338.7,-3191.52,35,157,1519,0
18533.3,177059,-9075,48,392,6182,1
13155.2,60447.3,-5080,36,247,2754,0
6951.57,14047.1,-2322.27,90,120,809,0
11328.5,69064.4,-5381.11,150,247,3373,1
7740.12,10094.3,-2373.19,26,123,621,0
13921,67788,-9270,161,292,2539,1
15068.5,107553,-7120,44,302,4252,1
4550.95,2733.45,-954.349,37,54,204,0
13450.6,46095.6,-5504.43,47,273,2061,0
10330.6,60880,-3371,34,229,3053,1
9649.72,17405.9,-4049.67,35,183,931,1
14560.8,74509,-3917,45,295,3065,1
6646.55,10322.2,-3360,13,109,689,0
5329.85,4412.01,-1560,17,88,292,0
9147.41,39660,-4400,80,202,2124,1
7893.81,10907,-3411.79,34,156,654,0
8242.99,30391,-4940,70,170,1805,1
4454.01,1399,-1112,8,61,101,1
22946.8,516498,-11536.6,132,540,18067,0
10251.4,31297,-4024,49,242,1469,0
6156.12,10919.6,-1794.44,24,102,764,0
7802.66,5255.33,-1851.22,21,107,346,0
12632.1,46213.9,-5869.65,61,273,2061,0
9945.75,31692,-5676,100,189,1687,1
9025.98,27427.7,-2690,24,166,1414,0
8798.37,20055,-3430.59,78,163,1162,0
8594.92,26719.7,-2420,26,156,1364,0
9261.42,10534.5,-566.86,0,130,490,0
16618,162568,-7484.82,83,352,6744,0
13711.3,47455,-2090,51,234,1581,0
26181,490999,-12200,51,483,15505,0
3607.61,969,-1228,11,56,87,0
5541.25,4197.2,-1505.6,121,88,318,0
5228.52,4079.1,-248,13,79,317,0
14970,91861,-7784,112,358,3296,1
6209.99,5244.54,-1550,24,85,343,1
6613.6,10135,-3580,15,109,689,0
13947.5,103142,-10075,54,335,4250,1
8257.41,26603,-4922,10,142,1109,0
5551.67,3240.1,-1069.11,39,71,249,0
16448.6,144996,-7575.88,193,362,5847,0
6844.07,4055.13,-2281.5,62,101,249,0
13062.9,61608.4,-5580,33,247,2754,0
2242.17,53.6338,-339,96,33,5,0
5187.38,3336.77,-777.585,47,51,132,0
13647,96066.6,-5913.69,55,294,4249,1
9251.47,10649.9,853,27,149,549,1
10875.2,44735,-4333,86,192,2189,1
5461.83,4349.85,-1880,15,79,292,0
6202.74,5452,-1868,40,98,345,1
10217.5,48375.7,-5230,17,216,2677,0
5981.8,6807,-1586,9,80,316,1
18219,269626,-13288,276,428,9806,1
7325.61,12529,-3098,29,131,730,1
7423.68,13548.3,-2349.33,82,120,809,0
9950.14,10300,-1930,35,154,587,0
6708.7,6613.3,-2160,15,119,395,1
8598.14,22510.4,-4790,38,182,1212,1
5542.69,4243.91,-871,19,88,292,0
10854.9,22427,-5016,26,178,1112,1
15438.9,83771.7,-2310,55,223,2059,0
9389.9,52095.7,-3180,29,188,2599,0
10077.9,34028.9,-3413.54,71,176,1922,0
7878.39,25256,-2813,146,157,1408,1
9312.93,27215.7,-2919.28,88,158,1403,0
6863.11,12506,-4202,22,144,811,1
13540.8,51676.6,-2870,44,234,2464,0
7484.99,9280.98,-3097.33,25,138,554,0
9747.05,18768.4,-3820,31,168,772,1
6189.59,7174.03,-1615.69,52,93,545,0
9406.46,22695.2,-2250,11,166,1111,0
15409.4,117101,-5310,59,271,4426,0
7925.06,16454,-4531,22,137,849,1
8111.38,12783.3,-2517.22,29,132,806,0
11383.6,37936.4,-1600,37,166,1414,0
13913.6,90425.9,-4600,40,254,3885,0
13434.1,75057,-7018,202,310,3463,1
7157.98,17570,-2765,62,110,929,1
7950.11,12825.3,-2716.48,15,132,806,0
7378.51,8098,-2667,26,112,431,1
5055.57,4112,-2146,46,81,293,1
7232.04,9031.08,-2200,21,102,516,0
9682.78,28616.6,-1920,30,194,1521,0
4934.45,3938.09,-1070,22,88,292,0
8936.74,26402.2,-2230,41,156,1364,0
7955.88,12864.2,-2713.33,15,132,806,0
5573.04,7082.35,-1658.21,48,93,545,0
10851.9,38277.6,-4052.84,114,205,1751,1
16800.8,105041,-5774,48,333,4250,1
7528.93,13514.7,-483,52,121,808,1
24890.9,275825,-10100,120,537,8350,0
6578.22,8636.91,-1780,29,102,516,0
12748.4,46877.9,-4500,23,215,2188,0
5327.73,4375.52,-696,13,88,292,0
8469.56,4766.93,-2568.75,23,131,271,1
21351.1,216648,-4800,76,403,6746,0
13642.1,145538,-6331.85,162,308,6057,0
13720.6,47097.7,-5868.76,55,273,2061,0
7652.77,4701.29,-2751.05,29,131,271,1
5588.1,4745,-506,24,85,343,1
12413.8,114907,-3120,41,235,4905,0
13964,52507.5,-5990.54,52,288,2334,1
9783.36,16951.7,-3875.34,79,172,973,0
16431.8,159779,-7795.62,70,352,6744,0
14845.8,96236,-10085,201,305,4065,0
9492.82,16694.1,-3820.62,89,172,973,0
21686.3,355374,-3820,89,462,11563,0
4542.28,5311,-2197,18,76,396,1
6889.42,4093.13,-2458.71,64,101,249,0
14158.1,93957,-5755.07,47,294,4249,0
5486.36,4153.75,-1560.88,126,88,318,0
9776.61,40945,-5056,29,222,2125,1
18563.1,274133,-7405,58,458,9003,1
15343.5,80553.6,-7183.69,68,320,3466,1
4763.53,4049.31,-729,17,79,317,0
17080.5,160810,-12800,90,388,6290,0
3580.3,1412.21,-590.767,33,40,100,0
2371.56,50.1714,-533,92,33,5,0
16127.6,115420,-4170,61,271,4426,0
8132.28,9525.59,-2889.77,19,138,554,0
9123.59,16967.1,-2725.06,65,142,844,0
4270.42,1867,-2205,37,62,163,1
8970.22,14999,-3493,15,165,848,1
18115.3,161376,-10600,80,388,6290,0
23164.3,516310,-11615.4,145,540,18067,0
22525.7,516317,-11426.1,143,540,18067,0
6082.76,11692.2,-1920.05,16,105,765,0
26869.9,282130,-10800,85,540,8870,0
9258.02,38792.2,-2710,21,196,1885,0
13357.7,62020.1,-4990,30,247,2754,0
12836.4,107307,-8927,126,252,4807,1
5720.32,7659.37,-1845.05,72,104,457,0
7553.8,9491.9,-1894.59,72,107,517,0
11310.4,68873.6,-5198.14,147,247,3373,1
8010.57,12862,-2743.19,15,132,806,0
15831.8,101989,-6468,93,340,3797,0
13609.8,60399.2,-4780,34,247,2754,0
9709.76,38889.6,-2610,11,196,1885,0
11533,112982,-3820,39,235,4905,0
19374,165100,-4061.46,89,352,6744,0
21183.2,324568,-13759,323,482,10983,1
12290.5,46185.8,-5350,17,215,2188,0
5641.91,4369.98,-860,19,88,292,0
9663.6,27591.9,-2370,26,166,1414,0
9151.83,23021.6,-2500,15,166,1111,0
8576.23,12374,-2475.05,82,128,693,0
10802.6,33787.8,-3030,22,234,1581,0
23394.3,516483,-11403.1,119,540,18067,0
9244.16,11533.1,-3010.42,34,156,654,0
3850.44,1455.4,-979.368,41,52,133,0
5922.96,11214.5,-2188.58,5,105,765,0
6206.1,7067.72,-1534.49,47,93,545,0
8065.52,3699,-2157,36,123,152,0
18900.5,147771,-10100,78,449,5537,0
16725.7,166118,-7416.65,72,352,6744,0
22212.6,515668,-11559.6,139,540,18067,0
5232.84,3516.26,-839.097,47,51,132,0
13574.5,77027.1,-2790,39,264,3217,0
16795.6,177114,-8712,55,342,6982,1
9263.55,17395.1,-4181.17,30,183,931,1
32820.8,1611580,-21402,148,986,40959,1
5683.57,4800.58,-1350,21,85,343,1
11934.2,62337,-5325,129,243,3050,1
16010.8,119784,-4200,57,271,4426,0
18386.9,161666,-6412.64,116,352,6744,0
13158.6,39255,-5186,50,273,1695,0
12232,83120,-7431,41,332,3638,1
4549.03,3076.41,-1225.51,40,71,249,0
18560.3,258932,-10508,130,355,9401,1
12574.6,116422,-3470,42,235,4905,0
6861.95,10502.4,-3270,15,109,689,0
11806.4,53274,-8214,141,247,2466,0
24237.4,273048,-10200,100,537,8350,0
8277.55,4740.6,-2615.43,30,131,271,1
10123.1,28546,-2760,27,194,1521,0
6848.89,5252.05,-2155.44,59,107,346,1
8833.89,26397.9,-2670,31,156,1364,0
10724.2,39762,-4498,135,233,2125,1
5434.34,3360.47,-1081.95,38,71,249,0
3594.59,2120.5,-1147.73,21,54,165,0
6088.22,11084.4,-1913.77,20,102,764,0
20427,320484,-12276,295,451,11274,1
17687.8,153683,-11300,79,449,5537,0
18414.3,160313,-9330,93,388,6290,0
8269.86,12165,-3472,25,150,729,1
10321.9,35962.3,-4316.41,117,208,1691,1
10114,33666,-4477,35,210,1698,1
14819,71100.6,-3510,63,224,2192,0
25119,289032,-11000,103,537,8350,0
9766.47,26140.3,-3394.65,25,174,1415,0
14107.1,79695,-6825,252,310,3464,1
18867.5,197979,-7660,55,390,7459,1
6898.14,13925.3,-2382.49,98,120,809,0
12020.4,34032.7,-1700,26,234,1581,0
6293.43,9485,-3055,30,132,623,0
8733.54,44082,-5005,39,188,2188,0
6061.3,5005.46,-1900,8,79,292,0
14536.7,54081.8,-4110,40,215,2188,0
10729,35189.9,-4245.07,131,208,1691,0
8485.72,13431.2,-2838.9,11,148,729,0
17318.1,321115,-9575,60,415,12186,1
14323.9,59508.9,-6786.01,162,305,2610,0
8147.16,4826.52,-2544.14,25,131,271,0
9934.15,26789.5,-2716.77,28,174,1415,0
9761.2,34220,-4547,23,188,1991,0
7074.31,5575.89,-2302.63,69,107,346,0
7108.35,4499.7,-2050,26,86,205,0
12716.6,75368.4,-5507.33,53,262,3211,1
12837.5,46962.7,-5880.67,63,273,2061,0
8586.58,12186.9,-2460.86,80,128,693,0
8722.14,47006.9,-4550,23,216,2677,0
8694.47,8146,-2647,31,133,426,1
13249.3,46138.5,-5566.66,66,273,2061,0
13509.6,92110,-5886,30,294,4064,0
9596.24,25395.6,-3270.6,20,174,1415,0
13469.7,82920,-6493,88,230,2825,1
5098.88,5895,-3193,27,85,401,1
10599.9,38298,-4760,39,204,1874,0
7303.28,4017.06,-2334.26,70,101,249,0
16394.2,61243,-6390,61,315,2536,0
25895.3,345730,-16247,189,588,10404,1
10181.9,34842.3,-4392.43,119,208,1691,0
16939.6,175944,-7546,54,391,7098,0
9565.54,29934.8,-2728.17,82,156,1521,0
13347.5,61750.9,-4830,28,247,2754,0
8616.65,9580.28,-2764.84,23,138,554,0
7167.23,5395.72,-1550,16,79,292,0
9094.65,11354.9,-2984.71,36,156,654,0
10642.8,18694.6,-2470,28,168,772,1
6132.72,3843,-2042,11,100,248,1
8836.33,16300,-5021,36,154,932,0
4548.51,1208.93,-748.43,13,51,102,0
15983.6,115972,-4500,58,271,4426,0
16762.6,110541,-6220,34,322,4619,0
13605,60999.8,-5470,24,247,2754,0
9550.91,25945.3,-3271.79,27,174,1415,0
12415.4,53198.6,-4211.24,96,209,2534,0
14936.4,58374.5,-5070,38,215,2188,0
8828.21,13132.1,-2513.93,16,132,806,0
9270.44,39513.1,-4090,11,196,1885,0
9868.87,35005,-3824,32,204,1934,0
3981.62,2199.18,-915.964,23,54,165,0
7264.19,13372,-3638,47,111,726,1
7621.42,13990.3,-2315.8,92,120,809,0
7424.84,13150,-3447,14,131,807,1
5165.53,6943,-1092,9,86,456,1
10073.5,23619,-4336,29,175,1308,1
9573.98,30265.3,-3277.25,117,171,1747,1
21518.7,242311,-10500,104,537,8350,0
5800.63,4139.68,-1542.2,120,88,318,0
18413.2,400932,-8760,82,473,14125,0
9328.19,49361.6,-6710,23,216,2677,0
2487.87,51.7899,-209,92,33,5,0
12822.1,100721,-4643,24,308,4820,0
8524.9,18113,-3508,9,127,888,1
4046.38,1957.82,-1071.3,5,63,166,0
10087.8,24391,-2504,42,208,1313,0
10273.1,38043.1,-4166.94,134,205,1751,1
5304.84,3020.68,-1198.93,51,67,224,0
10326.6,84462.7,-2320,21,220,3450,0
15678.2,116883,-5440,53,271,4426,0
14758.7,144611,-5975.82,162,308,6057,0
22826.5,516634,-11652.3,143,540,18067,0
5702.76,4130.16,-1568.15,126,88,318,0
9104.76,28146,-3670,29,194,1521,0
16172.9,161392,-7644.43,70,352,6744,0
5173.86,4138.96,-1170,11,79,317,0
10888.7,33817.1,-2930,21,234,1581,0
8500.14,26989.7,-2590,26,156,1364,0
4300.01,1935.17,-1101.34,5,63,166,0
8732.66,38505,-5823,25,205,1992,0
10261.4,35518.9,-4242.17,118,208,1691,1
14153.9,77552.7,-7114.56,82,320,3466,1
11217,84806.5,-2850,22,220,3450,0
11184.6,57751,-2230,46,223,2822,0
10803,38217.9,-3410,42,196,1997,0
11305.3,31533.3,-4200,39,234,1581,0
12189.6,21179,-4125,112,240,1164,1
16720.2,133299,-6722,70,349,5329,1
14015.4,51231.7,-3850,44,234,2464,0
5884.35,10842.8,-1887.45,19,102,764,0
10381,30065.1,-1650,33,234,1581,0
23117.8,471601,-11200,49,483,15505,0
9715.56,27503.1,-2000,24,194,1521,0
9226.34,27246,-3856.25,95,214,1469,0
8633.64,4931.63,-2580.36,36,131,271,1
8253.16,23231.8,-2856.74,25,154,1252,0
8986.39,17200.1,-4252.16,35,183,931,1
13826,72506,-2516.7,77,262,3211,1
14606.9,163923,-8240,251,320,6741,1
8937.8,13140.5,-2509.12,16,132,806,0
11022.6,85549.8,-3900,29,220,3450,0
6149.15,7598.07,-1879.64,77,104,457,0
9584.08,38580.6,-3200,21,196,1885,0
11321.1,85817.3,-3910,20,220,3450,0
9648.92,17432.2,-4054.53,35,183,931,1
10206.1,36888.7,-4030,42,196,1997,0
6474.58,10965,-1818.39,22,102,764,0
10444.1,33859.4,-3417.68,84,176,1922,0
11646.5,31612,-5147,49,220,1527,0
22408,276697,-9917.85,62,468,9276,1
16018.8,117545,-4920,54,271,4426,0
15785.5,123102,-8574,100,317,4724,1
20627,171233,-9470,86,449,5537,0
13384.6,48029.1,-3300,51,223,2059,0
6077.52,6643,-3353,48,109,376,0
12030.4,57419.2,-4270,34,223,2822,0
4060.87,1455.59,-954.152,33,52,133,0
21472.1,410585,-8890,72,473,14125,0
7382.44,8784.29,-2015.32,73,107,517,0
5360.99,6627,-2032,6,68,368,1
15555.8,126948,-8516,137,316,4916,1
11716.8,61673.8,-4446.68,127,237,2672,1
10423.7,38961.9,-4098.83,27,193,2118,0
8556.98,25501.5,-3174.38,32,157,1519,0
8901.02,32428.9,-3675.77,92,176,1922,0
10614.5,31524,-5087,44,204,1421,0
15322.4,188989,-9887,318,344,7453,1
12951.3,60885.6,-4810,34,247,2754,0
5587.39,4236.11,-1175.84,21,72,340,0
12445.6,80724,-6302,143,266,3627,1
6615.08,4418,-3204,54,111,269,1
4799.09,4089.21,-1460,9,79,317,0
10927.2,74678,-4817,16,222,3366,1
5922.36,7610.86,-1825.33,70,104,457,0
8807.43,17606.2,-2711.48,75,142,844,0
10336.3,48318,-4182.36,103,209,2534,0
8881.74,37240.8,-3739.61,52,180,2054,1
3987.14,2195.13,-535.278,12,43,161,1
7301.22,4135.2,-2289.16,71,101,249,0
8993.4,17078,-4281.04,33,183,931,1
9543.74,30828.8,-3128.2,91,171,1747,1
24078.9,470144,-12700,41,483,15505,0
10784.3,41619,-6288,54,213,2194,1
13254.3,49027,-2730,47,223,2059,0
13427.1,23730,-3935,28,169,1021,1
6839.76,5311.48,-1610,17,79,292,0
9209.61,25563.9,-1293.36,85,157,1519,0
7173.2,6542.92,-1950,24,119,395,1
12916.4,47101,-4623,55,247,1998,1
7985.39,9877.02,-2792.17,101,130,490,0
12635.2,90676.4,-5460,53,254,3885,0
11711.8,64548,-5332,57,259,3052,1
8377.17,12301.8,-2537.5,82,128,693,0
10798.7,58340,-4424.55,137,217,2904,0
4883.25,3228,-1698,11,72,226,0
5874.07,5150.82,-2279.11,8,99,321,1
17521.2,164801,-7387.81,68,352,6744,0
18477.8,159937,-9580,80,388,6290,0
13589.5,49833.5,-5370,34,215,2188,0
14984.7,48346,-4622,52,335,2003,1
8782.24,10374.9,-2731.6,85,139,587,0
8370.33,37445.8,-2380,17,196,1885,0
8671.49,25152.6,-2976.89,30,157,1519,0
23762,260652,-12800,83,540,8870,0
18254.4,160502,-10300,90,388,6290,0
8998.47,20765.1,-3360.48,76,163,1162,0
13300.6,52218.2,-6156.94,52,288,2334,1
10478.6,28865.4,-3770,38,194,1521,0
4875.98,2884.67,-1273.29,52,67,224,0
5243.31,4384.34,-1380,17,88,292,0
11352.6,50006.6,-4040,20,216,2677,0
8906.23,20582.5,-3497.77,92,163,1162,0
7442.1,4507.28,-1900,17,86,205,0
10954.3,33367,-3700,57,198,1522,1
16372.6,169373,-10092,79,407,6634,1
10608.5,70117,-7184,24,212,3369,1
3794.16,2188.04,-1124.56,20,54,165,0
11070.3,70042.9,-5365.92,139,247,3373,1
11496.6,41065.5,-1970,34,166,1414,0
17948.8,393239,-8190,81,473,14125,0
7953.72,16752,-3486,138,127,973,1
11646.1,60230,-3737,35,240,2976,1
14533.9,101705,-5460.55,167,281,4061,1
3848.46,2175.72,-1149.54,20,54,165,0
6200.97,11629.1,-1938.1,9,105,765,0
7894.29,10896.3,-1914.34,49,106,553,1
6639.84,5091.24,-2173.44,49,107,346,0
8508.57,10418.2,-2817.07,90,139,587,1
19895.7,154680,-9360,77,449,5537,0
9137.63,13993.7,-2858.11,26,148,729,0
12015.9,81386,-4906,47,235,3794,0
16472.1,110845,-4510,33,322,4619,0
5180.96,3245.51,-1134.53,44,71,249,0
18691.3,375614,-15484,296,492,12664,1
9945.84,36256.1,-3740,43,196,1997,0
13806.9,141333,-4710,49,315,5844,0
11228.2,69214,-4965,25,258,3375,1
4763.01,5350,-842,8,80,424,1
6775.69,10515.8,-3070,11,109,689,0
8648.61,15678,-3176,77,125,889,1
23779.2,262549,-14700,82,540,8870,0
8250.14,12108.6,-2567.51,78,128,693,0
16987.2,188194,-11085,57,358,7100,1
19649,371626,-8177,49,443,11717,0
5692.01,7591.64,-1845.72,67,104,457,0
12357.7,71630.2,-5590.23,54,262,3211,1
12559.9,138618,-6710,38,315,5844,0
12387.8,53155.8,-4640,31,216,2677,0
9414.81,39911.9,-3100,15,196,1885,0
22454.4,228036,-13850,103,499,7348,0
23113,515458,-10360.8,144,540,18067,0
10397.2,63745,-7230,81,244,3292,0
12949.7,143252,-5840,59,315,5844,0
9012.88,27051.9,-3220,24,156,1364,0
9180.52,39240,-3490,48,183,2054,1
10447.9,85898.5,-3300,22,220,3450,0
13519,54802.5,-2910,71,224,2192,0
12139.5,43842,-3198,39,212,1585,1
6114.22,4368,-2367,2,62,133,1
9807.26,16724.5,-3861.46,84,172,973,0
11311.1,58838.1,-3320,63,223,2822,0
11382.2,73692.9,-5480,26,249,3630,0
12781.7,60073.2,-1670,50,223,2822,0
11365.1,68787.9,-5227.6,147,247,3373,1
20797.3,410047,-8400,63,473,14125,0
2532.33,54.5629,-354,6,33,5,1
7368.24,5467,-2075,8,104,343,0
33130.7,745484,-17674,120,750,21046,0
7180.37,9427.05,-3013.19,16,138,554,0
16661.6,256695,-8108,78,389,9131,1
6669.98,4859.02,-2140,15,79,292,0
9846.62,27157.5,-2759.36,99,158,1403,0
12912.2,66890,-8255,58,320,2976,1
6851.9,8311.36,-1570,15,102,516,0
8668.18,10477,-2754.48,88,139,587,1
18857.5,184122,-6999,229,439,6991,1
7583.28,9587.27,-3062.14,97,130,490,0
4894.82,1714.04,-1599.71,17,76,147,1
5883.64,4745.47,-1000,21,85,343,1
7335.68,14743,-2747.52,82,134,970,0
27622.6,437696,-12120,34,376,6518,1
11110.8,85553.4,-3060,24,220,3450,0
8634.81,9959.88,-2880.89,22,138,554,0
16171.8,120100,-4930,64,271,4426,0
10121.6,16627,-4990,196,137,889,1
8476.08,19384.9,-1030,21,119,973,1
11676.2,136734,-6461,35,271,5516,0
10639,57883.8,-4584.04,138,217,2904,1
13202.6,37570.7,109,51,234,1581,0
7621.16,4741.53,-2675.46,40,131,271,1
11542.5,36002.9,-4100,26,234,1581,0
8781.95,9940.93,-3519.11,90,154,557,0
7476.26,9269.14,-3106.97,29,138,554,0
6772.75,7659,-4207,12,109,484,0
12337.3,80268.8,-5100,42,272,3539,0
9464.38,17199.3,-2610.26,72,142,844,0
21580.9,411537,-8510,73,473,14125,0
6826.52,13970.5,-2520.41,88,120,809,0
6412.87,5297.47,-2780,9,79,292,0
17033.2,110184,-5640,32,322,4619,0
6973.7,4033.78,-2230.73,72,101,249,0
9371.81,10150.1,-1690,34,154,587,0
19534.8,147629,-1760,92,449,5537,0
9322.98,27727.2,-2887.89,96,158,1403,0
11104.7,64963,-6135,45,238,3293,1
12784.1,38579,-1910,21,234,1581,0
2743.06,50.249,-393,6,33,5,1
5921.03,7071.89,-1658,48,93,545,0
2827.13,1219.01,-720.707,30,40,100,0
23197.5,516202,-11424.9,136,540,18067,0
10719,38996.6,-3917.03,29,193,2118,0
18177.1,200594,-7070,57,390,7459,0
8504.05,13863,-5049,105,149,807,1
5663.9,7626.79,-1887.78,75,104,457,0
4374.86,3051.46,-1383.64,41,71,249,0
21599.7,237846,4390,97,537,8350,0
11014.9,37935.9,-3310,40,196,1997,0
16195.3,131515,-7648,60,341,4822,1
13734.9,219648,-6746,241,360,8602,1
10760.1,35767,-4214.87,115,208,1691,1
14947.6,117256,-4500,46,271,4426,0
10336.1,51695.7,-2710,25,188,2599,0
5370.33,987,-1131,26,64,65,1
18962.5,256628,-10289,154,447,7595,1
14683.5,79430,-7005.97,74,320,3466,1
3905.51,1477.88,-897.623,35,52,133,0
8973.96,26629.6,-2490,39,156,1364,0
10520.7,54934.6,-2020,27,188,2599,0
10316.9,32600,-3460.09,61,176,1922,0
5338.64,4385.53,-1980,22,85,343,1
9605.83,75726,-5931,26,218,3707,0
10914.5,85896.4,-2270,27,220,3450,0
7959.59,12102.8,-2663.21,81,130,694,0
17517.7,219415,-12443,306,407,8595,1
8210.96,4621.85,-2623.61,26,131,271,1
11571.2,66692,-5682,47,257,3132,1
5620.6,4165.81,-1534.32,123,88,318,0
17310.3,136997,-7600,70,449,5537,0
7090.95,4189.5,-2288.99,71,101,249,0
10645.1,37616,-5401,26,190,1523,1
21534.6,231460,-4190,89,537,8350,0
11851.5,38705.3,-4694.62,137,198,1521,1
6046.27,7563.37,-1677.79,52,93,545,0
14069.4,82134.1,-2570,52,223,2822,0
8286.41,12122.5,-2516.05,80,128,693,0
7191.21,8561.13,-1723.04,19,97,425,1
8623.22,20549.2,-3494.79,88,163,1162,0
12786.3,74150.8,-4200,39,249,3630,0
18117.7,321659,-10918,253,429,11112,1
12755.8,44624,-4925,48,256,2136,1
7361.84,15358.6,-2505.61,48,134,970,0
5440.95,4244.9,-1260,19,88,292,0
13376.8,51208.5,-2480,35,234,2464,0
6712.01,13165.9,-1571.21,21,96,804,0
19512.1,158770,-9170,75,449,5537,0
22860.5,162868,-10739,97,431,4260,1
8616.6,16786.7,-2837.42,79,142,844,0
8596.68,27020.4,-1610,27,156,1364,0
14499.9,138491,-9102,40,354,5955,1
6285.85,7358.69,-1605.28,50,93,545,0
12541.3,74422.3,-4490,27,249,3630,0
5521.12,2659.98,-321,53,53,133,1
6008.03,4506,-2124,14,101,317,0
8027.83,4443,-1719,24,96,207,0
9747.71,49593.3,-5630,23,216,2677,0
29123.9,469993,-13877,340,680,14154,1
10697.1,49584.4,-4980,27,216,2677,0
8920.48,10196.1,-585.315,0,130,490,0
4158.45,1949.45,-1061.64,5,63,166,0
8459.26,12204.8,-2537.15,82,128,693,0
6011.7,4775.39,-919,23,85,343,1
11172.1,48737,-5984,176,233,2325,1
14882.3,242467,-7374,70,331,9131,1
9774.88,14423.7,-2739.35,23,148,729,0
4922.11,1554.64,-729.944,13,51,102,0
15285.5,110659,3630,41,322,4619,0
14699.7,110899,-8360,48,322,4619,0
12794.8,141237,-6353.4,184,308,6057,0
5503.73,2992.22,-1106.6,37,67,224,0
11047.9,52792,-4348.23,29,215,2394,0
9119.6,29242.9,-3359.76,33,179,1626,0
11257.7,59315,-5338,114,211,2740,1
23472.1,476079,-12500,55,483,15505,0
19511.5,148518,-9670,65,449,5537,0
13619,47191,-5720.24,64,273,2061,0
5199.56,3464.94,-809.738,49,51,132,0
17427,114554,-5840,42,322,4619,0
21741.4,414800,-10500,60,473,14125,0
13090.9,46651.6,-5955.64,59,273,2061,0
6823.59,10448.4,-2800,14,109,689,0
12063,45149.4,-2440,45,223,2059,0
29772.3,844064,-12720,134,745,21699,1
14051,240480,-3984,55,308,10216,0
6326,3322.16,-597,10,75,166,1
4164.45,2247.24,-1071.64,20,54,165,0
12466.1,38232.7,6930,24,234,1581,0
15745.3,188669,-10522,39,400,7584,1
15104.1,108060,-7102.68,44,312,3982,1
6418.78,10267.3,-2990,16,109,689,0
9437.37,39537,-1800,11,196,1885,0
6002.82,12453,-1883,42,102,881,0
10243.5,18966,-4673,98,176,977,0
13911.4,51931.7,-2070,36,234,2464,0
7471.39,22485,-3800,13,133,1256,1
6906.91,7826,-2549,63,109,485,0
13551.3,50057.4,-5240,27,215,2188,0
15847.3,251160,-7825,105,387,10383,1
9110.43,17086,-2925,25,165,934,1
13011.9,70519.9,-5529.93,42,262,3211,1
2489.52,51.6864,-614,6,33,5,1
13012.9,86927,-5746,67,282,3801,1
21649.7,410520,-9640,60,473,14125,0
6716.41,5038,-4134,22,115,342,1
10862.4,19732,-2683,24,164,490,1
15394.1,80500.7,-2710,58,223,2059,0
19308.7,409475,-9900,70,473,14125,0
5859.94,5926,-2999,12,109,401,0
5637.5,7492.4,-1897.54,75,104,457,0
9339.5,27386.3,-3020.16,107,158,1403,0
6995.16,13293.2,-1467.82,22,96,804,0
11511.7,64862,-5411,200,249,2983,1
9958.3,10525.3,-2500,40,154,587,0
10002.3,25223,-4545,100,168,1409,0
12289.5,90423,-6120,52,254,3885,0
14748,150755,-11214,244,328,5959,1
22962.9,255715,22900,90,540,8870,0
7121.52,4049.34,-2251.81,74,101,249,0
9127.94,28588,-3448.07,36,179,1626,0
9091.56,26638.3,-2991.51,88,158,1403,0
2442.39,52.9309,-387,6,33,5,1
6614.71,6573.33,-2790,21,119,395,1
6361.46,7227,-2002,20,100,516,1
10648.4,53818,-5324,31,198,2671,1
13652,165927,-7525,76,321,7208,1
8464.84,17733,-4715,12,148,850,0
7878.57,12922.1,-2643.82,15,132,806,0
7474.26,7338,-2444,28,106,483,1
5317.3,4471.71,-763,24,88,292,0
14103.9,102425,-5685.63,150,281,4061,1
15350.1,78307.6,-6433.51,117,320,3466,1
6478.29,13159.1,-1678.55,16,96,804,0
3883.42,2188.96,-1147.42,20,54,165,0
4083.16,2157.26,-956.561,20,54,165,0
5829.34,11123.6,-1842.1,17,102,764,0
21680,413080,-8350,48,473,14125,0
14605,79443.5,-7371.13,70,320,3466,1
9342.31,84919.6,-3150,22,220,3450,0
9520.58,35222,-5901,96,184,1810,1
9165.71,37875.8,-3834.8,40,180,2054,1
16482.2,160019,-7596.71,76,352,6744,0
9884.54,34615.5,-4573.87,123,208,1691,1
7981.3,13107,-2654.94,21,132,806,0
8638.07,16466.5,-2743.15,77,142,844,0
18443.4,160486,-9480,87,388,6290,0
12232,100285,-6058,48,278,4429,1
7316.05,14012.4,-2389.42,88,120,809,0
12113,65296,-6327,89,257,3207,1
4223.67,2265.77,-1103.8,20,54,165,0
16193.9,117948,-4020,58,271,4426,0
11122.9,85167.9,-3070,18,220,3450,0
12484,53275,-5933,59,229,2391,1
8625.39,10671.3,-2746.35,82,139,587,1
5506.01,1854.91,-1397.42,25,76,147,1
14138.9,66169.7,-2990,55,224,2192,0
5319.67,4463.27,-1590,19,88,292,0
5343.76,4108,-2091,11,85,267,1
17940.9,135164,-11251,251,388,4827,0
5502.76,4774.07,-876,16,85,343,1
8083.82,9520.76,-2939.4,96,130,490,0
3905.02,1444.27,-978.047,37,52,133,0
24033.4,270512,-7460,79,540,8870,0
12650.8,60516.4,-5350,30,247,2754,0
22483.5,517269,-12226.3,139,540,18067,0
9185.37,38070.2,-3824.79,38,180,2054,1
6792.68,7225.98,-1350,162,109,486,0
9152.16,20146.5,-3483.26,80,163,1162,0
11976.5,114418,-2870,35,235,4905,0
8329.71,11190.9,-3208.68,39,156,654,0
10869.7,86577.3,-2520,22,220,3450,0
5814.04,5468.25,-1550,15,85,343,1
15265.6,146678,-5339,236,309,5850,1
2504.36,50.7582,-554,96,33,5,0
24191.1,252677,-7870,101,537,8350,0
12689.6,86072,-3899,11,242,3621,1
12916.9,74356.6,-3310,24,249,3630,0
5193.01,3067.31,-789.968,43,51,132,0
8710.76,37855.4,-3900.42,38,180,2054,1
10132.3,50036,-2832,78,183,2250,1
11211,50263.8,-4640,21,216,2677,0
11306.7,91380.1,-5910,57,254,3885,0
9758.09,36840.4,-3920,34,196,1997,0
18490,162616,-9860,83,388,6290,0
7309.67,13947.7,-2408.7,85,120,809,0
22236.8,412399,-9130,57,473,14125,0
12105.9,73486.4,-4740,36,249,3630,0
9262.44,28718.5,-3305.19,35,179,1626,1
8695.36,26406.6,-2500,25,156,1364,0
11809.3,65901,-6552,31,230,2976,1
17346.1,112271,-5580,35,322,4619,0
5320.82,3080.27,-1199.54,51,67,224,0
14636.3,79655,-7009.84,74,320,3466,1
9012.63,16618,-2718,14,139,934,1
9479.68,39866.4,-3260,16,196,1885,0
9894.83,39903.4,-3696.47,50,180,2054,1
10627.6,42267,-4607,23,225,2060,1
5268.54,4271.53,-1370,8,79,317,0
19090.2,156809,-8930,81,449,5537,0
13429.9,51692.7,-5857.52,52,288,2334,1
9648.33,39773,-2930,21,196,1885,0
12903.8,36770,-2320,24,234,1581,0
7795.18,4717.18,-2682.88,27,131,271,1
6005.09,7623.57,-1938.15,75,104,457,0
22927.2,278761,-9691.89,67,468,9276,1
12327.2,79097,-6220,41,272,3539,0
9225.65,24192,-3164,46,147,1307,1
12407.7,29752,-4475,24,176,1021,0
13531.7,52267.4,-6130.54,51,288,2334,1
5648.09,7135.37,-1654.13,52,93,545,0
9834.53,35476.7,-4296.77,119,208,1691,0
10131,36992,-5798,32,218,1998,1
8271.27,9545.98,-2848.93,26,138,554,0
16752.7,117406,-9155,66,332,4632,1
19165.7,160563,-9360,95,388,6290,0
16781.3,143409,-9330,66,449,5537,0
8746.53,38912.9,-4270,30,196,1885,0
26211.2,474903,-11600,54,483,15505,0
9540.36,22085,-4228,9,178,1259,1
17981.6,172276,-6970,87,403,6746,0
9387.46,30855.1,-3223,126,171,1747,1
11673.7,113032,-3290,46,235,4905,0
10900.6,28928,-6088,44,258,1366,1
6425.42,4872,-3652,42,105,247,0
9900.49,48780,-4061,36,200,2533,1
12299.2,60137.6,-5930,36,247,2754,0
13606.9,98597.5,-5949.65,164,281,4061,0
16006.5,173432,-5470,93,403,6746,0
2462.86,51.9713,-572,6,33,5,1
6691.47,3911.54,-2382.58,72,101,249,0
12875.2,51184,-2710,38,234,2464,0
8301.92,26403.9,-2935.04,80,156,1521,0
16602.2,215700,-9566,48,378,7708,1
14357.9,125073,-6850,42,285,5212,1
9340.92,33045,-3581.49,87,176,1922,0
7349.02,14054.5,-2313.02,92,120,809,0
14261,117461,-9463,43,317,4723,1
5192.78,3141,-2237,24,89,223,1
14674.5,79489.9,-6789.49,121,320,3466,1
18942,164643,-11506,308,460,5862,1
8536.43,9470.7,-2953.96,100,130,490,0
23234.2,355689,-15365,135,550,11581,1
20648.8,198728,-13931,53,492,6873,1
19248.1,162489,-10600,88,388,6290,0
6931.91,13498.5,-1447.8,35,96,804,0
8214.82,31749,-4094,29,161,1868,1
11663.6,56803.4,-2780,58,223,2822,0
8545.76,15478,-3906,24,172,894,0
11166.2,40163.5,-3847.12,29,193,2118,0
9351.48,37924.9,-3800.23,40,180,2054,1
5489.3,4066.22,-1570.32,125,88,318,0
14570.6,56037.8,-6922.6,51,286,2394,1
13782.9,60587.7,-2490,61,223,2822,0
13423.6,143754,-5770,56,315,5844,0
9704.83,30767.4,-3222.84,128,171,1747,1
12597.8,74419,-4231,22,235,3296,0
5678.32,4132.52,-1489.71,116,88,318,0
13009.2,49986,-6042,51,241,2255,1
24750.6,840317,-16753,99,646,26239,0
9869.26,28573.1,-2817.8,105,158,1403,0
5315.29,3010.61,-1011.04,31,71,249,0
13007.4,78731,-5380,45,272,3539,0
10008.4,78049,-4510,16,208,3962,0
6231.2,10584,-3306,56,121,690,1
22929.5,519889,-11383.9,118,540,18067,0
9712.19,34426.9,-3090,26,166,1414,0
14971.1,92023,-6598,67,335,4068,1
5970.17,4926.44,5660,27,85,343,1
9790.76,30027.8,-3103.06,113,171,1747,1
19663.3,312346,-8441,174,431,9271,1
12916.3,54460,-5513,33,251,2261,1
5331.09,4257.61,-1540,14,88,292,0
13462.4,92534,-5812,50,271,3224,0
10285.8,19381,-3283,74,124,622,1
5892.81,4915.01,16900,29,85,343,1
10069.7,35248.4,-4417.78,129,208,1691,1
8267.86,12429.5,-2443.19,39,136,619,0
8305.32,11014,-3086.33,35,156,654,0
12696,112954,-6761,43,273,4619,1
5120.61,2970.03,-1235.16,48,67,224,0
7328.25,9017.26,-1510,16,102,516,0
2751.72,63.3573,-455,6,33,5,1
15632.2,59993.8,829,41,215,2188,0
15012,83220,-1880,72,223,2059,0
16745.6,144394,-3720,49,315,5844,0
10166.4,35546.7,-4347.69,122,208,1691,1
13080.3,61049.9,-3940,41,247,2754,0
4917.94,4331.11,-1620,25,88,292,0
8144.32,12853.8,-2529.16,28,132,806,0
13541.8,90810.6,-3400,44,254,3885,0
16106.6,137559,-9240,83,449,5537,0
6790.12,14592,-2935,31,116,928,1
10827.4,40715,-3436,44,182,1753,1
17509,113266,-8194,81,388,4344,0
19505.3,182069,-4710,69,403,6746,0
10191.9,35308.3,-4340.29,123,208,1691,1
4971.98,1961,-1616,12,78,149,1
14714.6,79351.6,-7143.54,73,320,3466,1
14048.3,196975,-10482,42,378,7462,1
7284.92,9642.95,-2446.82,22,123,621,0
2567.85,52.6466,-548,6,33,5,1
8558.06,12286.6,-2403.21,81,128,693,0
12817.3,58183.6,-1550,55,223,2822,0
11002.8,70251,-6125,110,223,3209,0
12823.2,79642.9,-5950,47,272,3539,0
8913.34,51352,-2850,29,188,2599,0
12304.4,73472.9,-4260,30,249,3630,0
17290.7,217684,-10402,95,472,8093,1
11143.4,39496.9,-3846.98,80,193,2118,0
13491.2,40874.8,-2450,41,234,1581,0
6764.08,13184,-1516.58,19,96,804,0
13953.6,141231,-5440,42,315,5844,0
6929.55,6514,-2869,19,112,424,1
12485,44168.4,-3080,34,223,2059,0
15055.3,116028,-6660,74,271,4426,0
2420.22,64.9663,-191,92,33,5,0
5419.99,4297.89,-1100,12,79,317,0
13097.7,73498.4,-3500,32,249,3630,0
8813.38,10975.5,-3061.53,36,156,654,0
5948.03,6586,-2842,49,109,398,0
2529.04,46.0085,-262,6,33,5,1
13580.1,61472.5,-2540,57,223,2822,0
12077.7,103272,-6803,204,300,4619,1
13734.5,101644,-7282,53,258,4710,1
9846.65,27534.5,-3010,34,194,1521,1
9747.11,38774.8,-3722.78,52,180,2054,1
13322.1,104448,-8537,198,279,4334,1
11488.1,46860.1,-4830,23,215,2188,0
11452,86323,-7748,34,268,4154,1
9206.07,19799,-3222,22,157,1108,0
4652.18,1101,-528,14,67,74,0
11795.3,114968,-3220,40,235,4905,0
16725.1,197745,-10893,318,388,7460,0
4616.2,2006.36,-961.542,5,63,166,0
13109.7,79772,-6111,58,257,3629,1
13610.5,139564,-4970,47,315,5844,0
11491.1,56617.7,-1700,48,223,2822,0
25813.5,288239,-10100,108,537,8350,0
13703.8,139452,-6680,43,315,5844,0
8414.71,26132.5,-3500,30,156,1364,0
13426.2,114353,-1640,52,235,4905,0
9262.96,27675,-3179,21,168,1412,1
5640.78,4413.23,-961,17,88,292,0
8160.02,4721.74,-2668.41,24,131,271,1
12827.8,41707.6,-6682.11,128,278,1938,1
11162.9,33083,-4655,22,192,1583,1
6633.97,5000.77,-2212.21,71,107,346,0
6381.59,16412,-3153,9,117,1014,1
17227.2,165324,-7452.62,66,352,6744,0
9180.34,32883,-4972,14,189,1809,1
8347.53,25142.4,-3217.57,28,157,1519,0
10930.1,43340.9,-3380,15,196,1885,0
10018.4,36583.6,-4260,41,196,1997,0
5939.47,10065.6,-3390,13,109,689,0
15311.1,60411.5,-6522.64,141,305,2610,0
13449.2,116076,-2709,47,271,4919,0
11596.4,29391.7,-2250,29,194,1521,0
18386.6,161104,-4690,85,388,6290,0
16359.7,191743,-9391,74,376,5854,1
24076.9,269238,-11300,80,540,8870,0
10531.8,105416,-4725,34,245,4999,1
4316.36,2135.55,-980.095,16,54,165,0
9185.62,13640.9,-2897.65,16,148,729,0
8338.75,9758.55,-2774.71,89,130,490,0
7788.55,13028.3,-2866.77,14,132,806,0
16263,95259,-5671,159,299,3628,1
13007.2,44998.2,-5714.46,55,273,2061,0
2273.6,52.2644,-242,8,33,5,0
17394.8,204870,-7639,129,381,6198,1
11100.7,74089,-5664,129,230,3288,1
9627.81,36016.8,-4600,42,196,1997,0
5708.31,4733.96,-1280,24,85,343,1
12045,71830.5,-6056.77,29,262,3211,1
15173.6,112122,-6748,42,308,4156,0
15768.9,196429,-8144,62,367,7586,1
12521.8,90443,-5230,47,254,3885,0
5654.66,5248,-2305,49,78,364,1
13172.8,49094.6,-5080,19,215,2188,0
9911.64,26221.9,-3358.12,25,174,1415,0
9454.2,33585.7,-3396.91,94,176,1922,0
13020.1,43856,-7670,76,286,1807,1
18786,161211,-9590,72,388,6290,0
10423.6,51483.1,-2120,32,188,2599,0
7165.34,14822.2,-2525.86,51,134,970,0
9415.65,43747.3,-4860,38,215,2188,0
7876.93,11737.3,-2566.9,80,128,693,0
13687.8,41202.7,-1990,53,234,1581,0
10052.5,51477,-3040,24,188,2599,0
6117.85,7290.48,-1625.8,48,93,545,0
19455.7,285566,-8779,24,364,6986,1
12346.3,75061.6,-5400,22,249,3630,0
10670.5,38398.8,-3772.66,103,205,1751,0
12289.9,41736,-7535,18,190,1526,1
5313.99,3527.61,-776.851,50,51,132,0
16341.2,173260,-6960,88,403,6746,0
5181.33,4305.66,-1840,15,88,292,0
5535.37,4572.87,-709,19,88,292,0
9279.78,37955,-3711.96,50,180,2054,1
4094.1,2189.74,-1076.86,20,54,165,0
6098.65,2160.11,-1410.73,14,82,185,0
7656.68,8744.13,-1030,38,102,516,0
16313.7,69042,-7691,97,309,2468,1
11192.5,42299,-2450,28,166,1414,0
9079.69,39046.1,-2790,16,196,1885,0
10655.9,35365.1,-4368.79,130,208,1691,0
5515.73,5516,-1765,13,89,371,1
11204.1,68350.9,-5259.31,147,247,3373,1
18609.3,300553,-12391,73,464,10829,1
9912.72,42301.8,-2929.24,100,159,2181,0
9369.38,12484.7,-2576.4,83,136,619,0
10844,27717.4,-1510,25,194,1521,0
9504.98,26080.1,-3414.63,27,174,1415,0
10829.7,58012.2,-4500.33,137,217,2904,0
9426.55,12427,-5505,31,220,661,0
10030,20527,-2033,36,146,974,1
13975.5,142789,-6115.95,177,308,6057,0
10394.2,30111.7,-2570,33,156,1364,0
10692.4,50286.6,-4460,32,216,2677,0
15876.8,271370,-9703,72,371,10238,1
8992.41,13839.1,-2982.35,24,148,729,0
4840.31,6880,-2819,16,80,515,1
12016.8,52113.2,-3640,36,224,2192,0
8736.53,31754,-3047,104,160,1691,1
25541,481550,-19418,113,556,12519,1
8683.72,23386,-4320,92,144,1305,1
26337.6,624569,-17670,97,675,17898,1
7106.19,6011,-3147,25,106,297,1
9505.14,32561.4,-3515.78,91,176,1922,0
9114.24,26567.4,-2250,29,156,1364,0
10364.1,34852.2,-4364.53,126,208,1691,0
13498,68182.6,-2040,56,224,2192,0
4156.11,2158.09,-1068.44,20,54,165,0
5984.26,2104.08,-1360.75,15,82,185,0
11118.1,60300,-4429.43,139,217,2904,1
9495.15,10095.3,-2630,42,154,587,0
9911.99,36843.4,-4200,41,196,1997,0
8471.91,26052.9,-3230,40,156,1364,0
5996.65,4200.43,-1305,121,88,318,1
14600.6,109954,-7245,48,323,4253,1
7102.04,6777.61,-1901.88,49,104,427,0
5577.21,5402,-1431,10,90,371,1
15211.5,81349.2,-1920,53,223,2059,0
12916.3,76162.3,-5490.8,49,262,3211,1
13731.9,88591.3,-6892.04,40,291,3799,1
19468.9,344844,-11200,98,462,11563,0
8962.29,16938,-2712.84,82,142,844,0
9607.12,16666.7,-3774.32,85,172,973,0
31469.2,1043200,-19470,138,740,29083,1
13353.1,40216.5,-1760,43,234,1581,0
9797.74,24261.2,-545,13,166,1111,0
6754.97,10336.7,-2790,16,109,689,0
8259.26,21169,-2864.42,80,145,1156,1
13604.3,52369.8,-6090.45,52,288,2334,1
12693.6,40954.1,-2830,37,234,1581,0
13671.6,43156.1,-1910,47,234,1581,0
5549.88,1918.48,-1407.39,24,76,147,1
10108.6,26247.4,-3302.05,26,174,1415,0
9675.16,16847.7,-4146.91,83,172,973,0
13337.2,93466.3,-4370,69,254,3885,0
22043.5,236918,-6127,55,382,4631,1
3700.44,2140.08,-599.397,4,43,161,1
8447.4,8032,-2235,49,146,458,1
7102.78,5402.67,-2070,13,79,292,0
9408.57,29721,-3886,14,154,1160,0
8864.28,11542.2,-3049.69,46,156,654,0
23936.5,250456,-9080,95,537,8350,0
8318.05,39857,-4819,25,166,2178,0
5749.86,4126.49,-1576.45,126,88,318,0
10010.3,39038.3,-4130.79,42,193,2118,0
11713.6,39404,-3140,36,209,1314,0
11586.5,99580,-8598,48,298,4428,1
11287.4,12939,-1870,44,101,457,0
5890.88,3370.76,-2770,15,86,205,0
10858.2,41126,-5569,26,189,1994,1
15537.2,84160,-6170,54,302,3372,1
7853.09,7527,-2901,28,124,371,1
8267.39,21257,-5098,12,166,1261,0
8552.97,10786,-3157.32,34,156,654,0
5052.23,3283.31,-1166.05,36,71,249,0
10282.6,36901.7,-3700,35,196,1997,0
8395.52,25649.7,-1870,25,156,1364,0
9387.4,29811.5,-3346.97,125,171,1747,1
7540.51,8978.42,-1843.03,70,107,517,0
6771.76,5029.31,-2188.93,60,107,346,0
6006.07,4710.02,-1380,21,85,343,1
9780.49,30493.7,-3140.44,115,171,1747,1
7695.75,9266.25,-3098.93,13,138,554,0
12991.2,81987.5,-5340,41,272,3539,0
14148.9,53441.4,-5671.95,65,288,2334,1
4484.57,3048.17,-1222.42,33,71,249,0
11287.7,71531,-5459,51,197,2965,1
4997.08,4268.37,-670,20,88,292,0
6760.7,3865.23,-2264.01,72,101,249,0
11658.9,49219,-6140,34,215,2188,0
22481.1,411078,-8210,62,473,14125,0
7891.07,9814.76,-2403.42,15,123,621,0
7942.57,12868.7,-2733,15,132,806,0
7029.5,13848.5,-2308.19,83,120,809,0
2487.61,57.2156,-360,96,33,5,0
3840.31,1443.65,-1014.91,42,52,133,0
24831.1,268329,-8300,112,537,8350,0
6577.57,10291.9,-3010,14,109,689,1
11562.6,60207.9,-434,67,223,2822,0
7295.27,14122.6,-2310.31,73,120,809,0
9582.41,44132,-4902,21,205,2387,0
8792.97,17246.8,-2813.43,72,142,844,0
12324.9,94102,-5956,50,261,4155,1
11153,50138.9,-5820,23,216,2677,0
20309.9,291719,-11688,242,487,10978,1
14873,108978,-8004,73,330,4625,1
10411.5,29115.5,-1100,28,194,1521,0
7001.36,5232.29,-2098.37,58,107,346,0
20652.7,164105,-8990,93,449,5537,0
7575.12,9002.38,-1660,28,102,516,0
6393.82,4307.54,-845.587,95,88,318,0
13495.6,116247,-6978,48,330,4627,1
7661.35,9075.62,-1840.12,70,107,517,0
7093.75,12571,-3620,286,131,764,1
10657.5,35117,-4253.81,114,208,1691,1
4755.59,2812.07,-1175.02,37,67,224,0
11246.3,52726,-8662,147,245,2602,1
8200.61,27185.3,-3330,36,166,1414,0
5864.89,11336.1,-1853.99,25,102,764,0
5435.62,2735.85,-1114.27,35,67,224,0
9243.36,21184.8,-3337.66,87,163,1162,0
8495.3,15634,-4086,45,169,932,1
8847.93,12225.7,-2716.89,93,136,619,0
14522.9,67960,-8632,245,301,3058,1
12988.4,50984.2,-4320,33,234,2464,0
4254.47,670,-1307,4,56,63,1
6049.43,5195,-1383,77,104,398,0
11654.5,73529.8,-4340,21,249,3630,0
2561.42,60.1407,-568,6,33,5,1
9406.14,12412.9,-2583.98,83,136,619,0
4279.29,1911.47,-1048.88,5,63,166,0
20059.4,147939,-9400,88,449,5537,0
9311.62,37963.6,-3767.61,40,180,2054,1
10459.6,34582,-4412.76,134,208,1691,1
16822.3,111404,-6990,44,322,4619,0
10556.3,24587,-5161,34,203,1314,1
14388,95056.9,-5910.85,58,294,4249,1
4824.72,3204.54,-1205.72,35,71,249,0
5408.24,3678.6,-761.285,49,51,132,0
22069.4,212441,-14222,64,586,7472,1
13236.3,79878,-6880,60,272,3539,0
4001.15,2202.24,-1149.17,20,54,165,0
5002.41,4234.55,-1080,9,79,317,0
10466.2,38197,-4910,18,213,1875,1
4780.95,2869.89,-1233.13,42,67,224,0
11121.9,115764,-6009,47,246,5727,1
4580.73,1212.76,-1288.26,12,64,90,1
25372.5,253583,-15233,74,481,8345,1
8203.14,4449.45,-2688.67,30,131,271,1
11933.3,58048,-5589,74,255,2754,1
9366.18,30504.8,-3428.08,127,171,1747,1
11107.9,86447.4,-3290,20,220,3450,0
10780.6,38774.5,-3814.08,44,193,2118,0
6483.61,5029,-1907,26,104,298,0
8270.07,20676,-3630,30,142,1256,0
13462.9,99465,-5279,42,322,4251,0
8551.26,4672.35,-2534.27,26,131,271,1
9080.86,20189,-4767,109,164,1065,1
12005.7,74442,-5532,28,252,3455,1
6642.2,10329,-3160,15,109,689,0
13258.4,91207.7,-5420,55,254,3885,0
11374.1,36070.9,-4132.67,115,208,1691,1
14380.5,141057,-5580,41,315,5844,0
9773.64,34345,-3926,27,187,1576,1
10686.3,43507,-4075,98,182,1993,1
6400.03,3828.67,-2464.98,68,101,249,0
5203,4226.32,-1160,14,88,292,1
15412.8,144651,-5812.1,176,308,6057,0
13523.1,61215.1,-5870,27,247,2754,0
13678.4,60300.4,-3800,35,247,2754,0
7192.66,8352,-1868,21,128,520,0
9527.82,25791.3,-3365.38,29,174,1415,0
16836.1,111564,-6600,35,322,4619,0
18597.2,131156,-10594,9,260,2983,1
8717.67,16840,-2709.28,73,142,844,0
12316.9,115536,-3040,38,235,4905,0
12229.1,51805.8,-3800,29,216,2677,0
15063.7,151596,-7137,202,308,5743,0
11257.8,51260.4,-4930,21,216,2677,0
4872.63,2982.43,-1143.6,36,71,249,0
18218.5,260837,-10300,61,403,10236,0
24232.4,476340,-12700,56,483,15505,0
5914.45,7385.73,-1624.35,49,93,545,0
5919.63,7157.2,-1636.11,54,93,545,0
10039.6,61194,-5987,26,216,3281,0
9045.5,13579.3,-2902.3,18,148,729,0
8367.08,11980.5,-2534.77,86,128,693,0
14399.7,178939,-5346,211,372,6983,1
6000.75,4119.98,-1527.61,125,88,318,0
10558.5,50057.7,-4567.49,115,209,2534,1
5858.17,11157.8,-1920.54,23,102,764,0
11870.3,87124,-2530,22,220,3450,0
9959.17,28656,-3032,11,141,1259,1
4265.77,4428.26,-2050,31,85,343,1
3981.55,2209.75,-1140.13,20,54,165,0
19953,344133,-9400,101,462,11563,0
13225.8,72614,-7054,39,252,2259,1
9883.21,34646,-4441,40,187,1638,1
20669.6,294545,-11767,124,534,10401,1
12890.5,78541,-4650,53,272,3539,0
10989.1,58243,-3388,29,209,2189,1
16649,180424,-10480,50,356,6857,1
5939.53,8625,-2332,14,108,585,1
16764.9,111607,-5990,42,322,4619,0
10191.7,29056.1,-2500,29,166,1414,0
7451.13,15177,-2608.32,67,134,970,1
15038.3,115200,-5100,50,271,4426,0
10051.2,33891.3,-3482.4,89,176,1922,0
9517.11,38138.3,-3790.82,38,180,2054,1
11139.7,28616,-1620,36,166,1414,0
22267.5,412263,-7620,72,473,14125,0
10394.9,37775.9,-3240,40,196,1997,0
14406.8,115072,-6199,55,310,4817,1
3796.61,1456.33,-1026.6,35,52,133,0
9219.75,30515.1,-3452.94,129,171,1747,1
7506.56,5978,-2976,22,150,377,1
9702.79,36892.9,-4146.49,110,205,1751,1
12234.1,45138.5,-5891.56,69,273,2061,0
2363.39,47.8644,-459,6,33,5,1
13994.7,52524.6,-6074.9,47,288,2334,1
5121.91,4281.14,-1180,15,79,317,0
9756.25,38530,-2126,34,209,1524,1
7905.8,24105,-2635,23,152,1408,1
7209.32,9947,-2673,23,132,618,0
9589.16,30103.7,-3260.76,121,171,1747,1
7268.4,14086.2,-2400.58,82,120,809,0
5075.09,3338,-2380,18,70,205,0
9769.03,27508,-2852.64,97,158,1403,0
15693.8,115159,-4870,55,271,4426,0
15622.8,128057,-7850,81,351,4913,0
5778.55,7638.58,-1808.39,73,104,457,0
14236.4,141315,-5650,46,315,5844,0
8886.59,27440.2,-2943.37,71,158,1403,0
14761.4,117228,-8618,43,335,4914,1
11824.9,62477.3,-4310,40,223,2822,0
5145.11,4788.35,-1090,22,85,343,1
18285.2,143332,-5770,74,449,5537,0
13056.4,47995,-4287,62,246,2190,1
8917.15,29195.6,-3349.37,42,179,1626,0
6708.79,8175,-2738,12,120,520,0
10366,58205.2,-334.365,92,217,2904,0
10798.6,38044.2,-3925.84,99,205,1751,0
11486.7,42681.2,-1960,32,166,1414,0
5320.21,4245.38,-1260,15,88,292,0
7826.51,9444.61,-3055.8,98,130,490,0
8532.64,30168.9,-2025.78,50,132,1513,0
9288.05,23072.6,-2110,11,166,1111,0
9480.9,27714.2,-2100,25,156,1364,0
5044.41,3474.18,-812.821,50,51,132,0
8766.46,26176.9,-2050,25,156,1364,0
13554.7,110073,-4660,55,271,4426,0
6769.93,10370,-3270,15,109,689,0
10063.1,35302.2,-4472.42,110,208,1691,1
7935.44,4487,-4533,36,180,272,1
12350.4,100700,-9290,58,324,4432,1
11713.4,44732.2,-5380,38,215,2188,0
17830.3,199084,-2450,48,390,7459,0
7043.2,11948,-1980,43,119,690,1
16320.1,110762,-5840,34,322,4619,0
9203.58,27274.7,-2710,24,156,1364,0
10521.7,33117.8,-4430,44,234,1581,0
23194.3,515803,-11432.9,130,540,18067,0
4669.66,3552,-2274,44,75,271,1
7707.05,25874.1,-3060,31,166,1414,0
13396.3,41963.3,-2690,49,234,1581,0
4701.51,4170.53,-1960,9,79,317,0
11969.8,71478,-5681.96,45,262,3211,1
16321.9,144540,-7488.98,207,362,5847,1
13363.8,77686.7,-5557.01,27,262,3211,1
16960.3,179968,-11634,68,452,7230,1
8890.69,28084.7,-1850,23,156,1364,0
5797.26,7251.56,-1767.67,50,93,545,0
15525,96477.8,-4810,63,254,3885,0
10936.9,57399.9,-4090,49,223,2822,0
9759.01,38472.6,-3689.56,42,180,2054,1
10935.9,28643.1,-3245.54,72,214,1469,0
9523.82,38655,-5119,99,194,1933,0
4972.84,4298.96,-1351.71,15,72,340,0
12419.7,72026.6,-5663.33,29,262,3211,1
8613.58,20080.4,-3257.29,80,163,1162,0
8349.54,25515.5,-2440,45,156,1364,0
11157.5,91690,-7129,170,262,4337,1
2480.83,52.5249,-625,6,33,5,1
12703.8,86774,-7466,244,295,3978,1
8844.26,28644.8,-3250.59,38,179,1626,0
13220.9,85382,-6764,185,275,3887,1
10609.9,37995.2,-4189.9,130,205,1751,0
7392.65,15087.5,-2720.68,75,134,970,0
15761.9,115343,-5570,49,271,4426,0
12989.8,79924.7,-4170,38,272,3539,0
4800.17,3311.08,-1222.2,34,71,249,0
6757.44,9791,-3311,15,102,616,0
11309.1,87784.4,-2190,16,220,3450,0
17364.8,231627,-4317,60,344,7701,1
14654.1,85332,-5187,197,261,2984,1
18631,161918,-10829,106,494,6084,1
10433.5,28618.6,-2610,27,194,1521,0
9908.07,18263,-4163,30,165,1018,1
18442.9,201498,-8407,65,369,6292,1
9737.96,25849.3,-3397.6,29,174,1415,0
11115.9,27620,-4883,73,188,1165,0
8367.56,25336.5,-3124.13,42,157,1519,0
32053.9,829913,-17926,110,637,22296,1
14272.7,57841,-5890,24,215,2188,0
5023.48,4241.31,-1305.46,21,72,340,0
8595.61,17172.9,-2816.88,83,142,844,0
8525.47,17233.1,-4108.6,79,172,973,0
16676.1,143336,-7397.09,188,362,5847,1
7577.23,10674,-2280,14,125,692,1
22429.3,517059,-12221.6,133,540,18067,0
25215.1,760488,-20120,149,753,24015,1
16476,110964,-6900,48,322,4619,0
5162.77,2807.46,-1183.99,36,67,224,0
11260.6,50379.4,-5270,24,216,2677,0
6739.9,12088.5,-1831.68,9,105,765,0
5585.65,10801.8,-1915.47,13,102,764,0
9470.42,26827,-5310,54,227,1368,0
5646.36,4383.27,-345,20,88,292,0
13877.8,112508,-8213,221,279,4813,1
5247.3,3471.63,-765.403,49,51,132,0
8900.25,12235.9,-2797.59,89,136,619,0
10257.1,82602,-4862,29,190,2966,1
8936.31,11394.5,-3099.98,41,156,654,0
10631.3,71083,-5818,83,240,3538,1
6796.92,12000.5,-1773.02,9,105,765,0
10393.8,26852.3,-3361.98,21,174,1415,0
6907.95,4092.53,-2290.87,70,101,249,0
7819.98,4634.86,-2744.3,31,131,271,1
10483.9,18021.1,-3717.29,77,172,973,0
13007.2,88088,-5658,30,232,2900,1
5719.65,7567.36,-1886.94,77,104,457,0
12909.9,45154.6,-5885.62,57,273,2061,0
4216.26,1961.88,-1077.47,6,63,166,0
4676.94,3134.08,-1231.79,36,71,249,0
19681.7,334145,-8994,89,457,11881,1
8029.09,9560.01,-2797.38,20,138,554,0
15477.1,78491,-9026,46,361,3065,1
15959.6,117476,-5590,53,271,4426,0
9289.3,37963.4,-3791.31,39,180,2054,1
16399.2,258182,-10008,80,413,9680,0
3597.05,793,-1597,3,46,64,1
14030.9,73995,-5716,59,274,3213,1
9900.55,25596.5,-3457.9,21,174,1415,0
7723.89,10650,-2493,31,137,555,1
6597.62,7644.06,-1647.9,69,104,457,0
8073.11,12853.2,-2730.2,15,132,806,0
12443.6,75380,-5810,38,252,3212,1
36025.1,1352090,-19150,506,943,29097,1
6036.77,11053.6,-1876.03,28,102,764,0
8101.63,25110,-3365,22,151,1411,1
8398.57,20675.5,-3483.95,84,163,1162,0
14153.3,52032.8,-5815.39,55,288,2334,1
7630.29,5313.23,-2240,23,86,205,0
7824.87,12850.3,-2803.88,15,132,806,0
5240.54,4306.44,-979,9,79,317,0
11541.8,73773.7,-4460,20,249,3630,0
10468.1,35534,-1313,59,202,1870,1
11664.1,47445.4,-5190,26,215,2188,0
21693.7,411327,-8580,59,473,14125,0
14325.8,69952.8,-3060,76,224,2192,0
11474.5,54138,-7100,30,254,2681,0
11443.4,38858.6,-1980,28,166,1414,0
11599,43552.2,-3160,28,166,1414,0
9402.14,38512.8,-2350,15,196,1885,0
8954.43,12074.3,-2628.98,91,136,619,0
9141.83,29580.8,-3181.79,104,171,1747,1
9551.67,33387.5,-3587.91,92,176,1922,0
15319,77664.1,-6526.51,92,320,3466,1
3698.31,1264.57,-1056.03,3,51,102,1
6977.83,4124,-3333,47,112,292,1
7750.82,19685,-3099,89,167,1206,1
12780,40390,-7238,49,240,1582,1
9212.04,20353,-5027,14,179,1116,1
21898.5,411592,-7920,68,473,14125,0
5691.63,3970.86,-2610,19,86,205,0
22776.7,410847,-9860,61,473,14125,0
8833.01,26455.9,-2430,29,156,1364,0
16432.7,112274,-5308,32,335,4248,1
5328.99,3456.15,-722.181,31,51,132,0
5356.63,1809.09,-1475.83,22,76,147,1
8877.82,18059,-2321,22,153,1019,1
12454.7,71253.2,-5399.54,46,262,3211,1
9492.45,33284.1,-3505.28,84,176,1922,0
8847.18,25385.8,-3122.92,34,157,1519,0
4937.95,3238.14,-1188.27,29,71,249,0
12232.9,51681.8,-3060,49,224,2192,0
2929.34,58.6641,-177,92,33,5,0
9292.5,20645,-3057,24,154,1063,0
8621.98,16828.5,-2771.61,80,142,844,0
8103.57,9424.79,-2999.65,18,138,554,0
16013.5,158878,-9898,50,347,5642,1
14942.3,94688.2,-4010,67,254,3885,0
9273.11,27343.8,-2160,27,194,1521,0
5803.84,7080.71,-1665.26,50,93,545,0
13708.3,142243,-6245.81,160,308,6057,0
10216.6,34841.2,-4388.45,125,208,1691,1
10217.1,45014.9,-5070,33,215,2188,0
6960.35,6453.29,-2191.89,32,108,428,0
11896.6,57950,-5010,101,209,2602,0
7703.81,25476.7,-3131.72,28,157,1519,0
8099.01,11313,-2925,30,166,731,0
7484.24,11864,-3752,85,132,730,0
8702.26,38637.6,-3937.38,46,180,2054,1
7134.52,4780.65,-2470,12,86,205,0
8519.55,21607,-2869.96,82,145,1156,1
13499.5,141175,-6250.17,178,308,6057,0
12973.2,50791,-6804,151,288,2328,1
26160.6,301550,-10453,111,541,6647,1
10340.6,38910,-3988.31,27,193,2118,0
10406.6,33142.6,-3308.47,72,176,1922,0
8503.55,25101.9,-3166.67,25,157,1519,0
3839.97,2190.91,-1165.78,20,54,165,0
11886.5,47536.2,-5210,23,215,2188,0
14109,87504.9,-7195.81,207,296,3464,1
19805.1,315037,-11862,155,414,10385,0
24789.1,461308,-10800,40,483,15505,0
13123.1,51468.4,-4040,35,234,2464,0
13322.9,51137.7,-3720,36,234,2464,0
12827.8,83655.8,-2990,30,220,3450,0
12696.7,116929,-2770,48,235,4905,0
2256.67,72.3458,-375,8,33,5,0
7122.78,3921.14,-2050.75,73,101,249,0
5090.28,3447,-1348,9,81,247,1
5064,1755.06,-1466.36,16,76,147,1
10020.4,26756.9,-3277.48,22,174,1415,0
11097.1,47352,-6153,42,211,2248,1
13584,51304.1,-4350,31,234,2464,0
7114.44,14646,-3758,17,126,806,1
19839.5,179257,-9884,49,396,6076,1
10073.4,38197,-4051.75,21,193,2118,0
12492.7,57913.7,-2450,60,223,2822,0
9465.64,29071.2,-2230,29,156,1364,0
18801.1,145690,-6140.1,141,362,5847,0
18747.4,251499,-12190,69,470,9008,0
13883.6,71792,-4577,56,287,3215,1
8002.74,16577,-2570,19,129,928,1
8353.16,9894.1,-2370.49,21,123,621,0
13849.5,140817,-6051.72,159,308,6057,0
13384.1,59705.8,-3910,40,224,2192,0
10729.4,22956,-4078,64,172,1256,0
9593.41,27348,-5422,86,191,1522,1
9592.67,25927.6,-3330.62,23,174,1415,0
12498.3,73480.2,-4840,26,249,3630,0
13006.1,47127.7,-5839.02,58,273,2061,0
9912.71,26358.8,-2847.02,96,158,1403,0
23102.2,516465,-11454.7,136,540,18067,0
7414.79,13978.3,-2404.21,95,120,809,0
3529.01,2145.4,-1116.22,20,54,165,0
13197.7,60112.4,-4820,27,247,2754,0
5855.3,4718.89,-1290,23,85,343,1
10539.4,57689.4,-4488.48,138,217,2904,1
11162.6,30961,-4284,12,212,1365,1
8668.52,12739.9,-2589.41,91,136,619,0
6325.03,7802.57,-1693.64,67,104,457,0
15878.9,115820,-4380,59,271,4426,0
12703.5,56475,-4502,49,278,2752,1
9298.1,16407,-3554,83,171,849,1
7677.8,9436.2,-2946.74,98,130,490,0
8399.17,26423,-2220,27,156,1364,0
6991.69,7931,-3310,24,116,430,1
9852.88,10548.6,-2690,36,154,587,0
11140.6,49305.6,-4310,26,216,2677,0
18389.5,125450,-7255,75,363,4437,1
21557.5,284368,-16745,52,513,9696,1
8086.67,16670,-2812.32,81,142,844,0
6965.81,7481.82,-1490,21,111,453,1
8426.37,28769,-3465.09,36,179,1626,0
9785.12,17230.3,-3818.47,69,172,973,0
3951.19,2145.01,-1046.51,23,54,165,0
8910.83,20511,-3506.26,95,163,116,0
